customer,Age,Education,Employ,Address,Income,Leverage,Creddebt,OthDebt,MonthlyLoad,Default
10012,28,Med,7,2,44,17.7,2.99,4.8,0.58,0
10017,64,Posg,34,17,116,14.7,5.05,12,0.27,0
10030,40,Bas,20,12,61,4.8,1.04,1.89,0.13,0
10039,30,Bas,11,3,27,34.5,1.75,7.56,1.62,0
10069,25,Bas,2,2,30,22.4,0.76,5.96,0.97,1
10071,35,Bas,2,9,38,10.9,1.46,2.68,0.4,1
10096,26,SupInc,2,4,38,11.9,0.95,3.57,0.43,1
10128,25,Bas,4,2,30,14.4,1.05,3.27,0.62,0
10129,65,SupCom,29,14,189,5,3.36,6.09,0.08,0
10140,21,SupInc,0,0,23,3.9,0.31,0.59,0.21,0
10142,62,Bas,33,13,96,17.5,6.69,10.11,0.36,0
10169,30,SupCom,4,3,39,10.6,2.39,1.74,0.38,1
10197,38,Posg,7,7,124,19.1,9.52,14.16,0.35,0
10200,18,Med,0,0,35,3.9,0.17,1.19,0.15,0
10218,53,Bas,9,13,41,13.3,2.33,3.12,0.46,0
10234,18,Med,0,0,15,7.4,0.83,0.28,0.57,1
10351,18,Med,0,0,56,15.7,1.84,6.95,0.44,1
10423,19,Bas,2,0,31,0.3,0.02,,0.01,1
10428,19,Med,0,0,26,5.8,0.59,0.92,0.28,1
10449,56,Med,27,21,125,8.5,2.9,7.72,0.15,0
10455,21,Med,1,1,40,7.6,1.52,1.52,0.27,1
10474,25,Bas,8,3,37,8.3,0.95,2.12,0.31,0
10525,47,SupInc,8,10,43,6.1,0.36,2.26,0.2,0
10564,40,SupCom,17,11,103,13.3,10.41,3.29,0.26,1
10567,41,Med,16,11,56,3.4,0.9,1.01,0.09,0
10746,23,SupCom,0,2,118,6.4,0.29,7.26,0.12,0
10775,45,Posg,1,4,58,15.4,2.37,6.57,0.42,1
10776,37,SupInc,15,10,65,5,1.3,1.95,0.13,0
10797,47,Med,23,14,46,11.7,0.84,4.54,0.37,0
10798,23,SupCom,0,2,42,6.7,1.58,1.23,0.23,0
10800,18,Med,0,0,19,5.2,0.32,0.67,0.33,1
10802,19,Med,0,0,21,2,0.28,0.14,0.12,1
10805,41,Bas,3,12,23,10.6,0.15,2.29,0.57,1
10824,42,Med,3,12,76,5.2,0.72,3.23,0.12,1
10839,29,SupCom,2,3,45,3,0.67,0.68,0.1,0
10870,24,SupCom,0,2,41,8.4,0.79,2.66,0.29,0
10884,45,Posg,9,11,48,10.2,3.53,1.37,0.31,0
10887,39,SupCom,8,9,259,7.2,1.55,17.1,0.1,0
10893,40,Med,15,6,46,10.6,0.82,4.06,0.34,0
10927,21,SupInc,0,0,17,17.6,1.37,1.62,1.21,1
10935,55,SupInc,34,16,150,9.9,0.73,14.12,0.17,0
11045,29,Med,6,4,35,3.3,0.2,0.96,0.13,1
11057,22,SupInc,0,0,24,5.2,0.28,0.97,0.27,1
11080,58,SupCom,24,18,70,6.8,2.3,2.46,0.17,0
11199,53,Med,14,19,67,6.1,1.06,3.02,0.15,0
11267,31,SupInc,5,7,25,6.8,0.43,1.27,0.34,0
11288,26,Bas,4,2,23,6.9,0.17,1.42,0.37,0
11307,23,SupCom,0,0,28,19.2,1.72,3.66,0.88,1
11329,25,Med,1,3,19,28.6,2.34,3.1,1.79,1
11337,52,SupInc,23,10,153,4.5,2.12,4.76,0.07,0
11344,25,SupInc,0,1,35,9.7,0.13,3.26,0.37,1
11363,22,SupCom,0,1,31,22.8,1.31,5.75,0.96,1
11423,38,SupInc,8,8,35,26.4,3.78,5.46,1.02,0
11461,42,Med,16,11,49,9.7,0.56,4.2,0.3,0
11466,52,Bas,5,18,36,9.8,1.4,2.13,0.37,0
11472,30,Bas,2,3,18,3,0.07,0.47,0.2,1
11475,59,SupCom,20,16,144,3.4,2.49,2.4,0.06,0
11512,34,SupInc,5,5,44,5.6,0.74,1.72,0.18,0
11557,33,Bas,11,6,52,9.1,0.95,3.79,0.27,1
11569,26,SupInc,2,3,21,8.2,0.54,1.18,0.47,0
11628,25,SupInc,2,1,26,11.9,1.24,1.86,0.58,1
11652,19,Med,0,0,43,21.2,3.43,5.69,0.71,1
11661,41,Posg,7,12,47,5.2,1.64,0.81,0.16,0
11690,36,Med,2,9,27,9.3,0.74,1.78,0.44,1
11703,20,Med,0,0,21,10.2,0.55,1.59,0.59,0
11712,35,Med,6,5,26,2.5,0.45,0.2,0.12,0
11755,33,SupCom,3,4,34,1.2,0.23,0.18,0.05,0
11783,38,SupCom,0,12,37,2,0.1,0.64,0.07,0
11809,40,Med,6,6,36,6.6,1.58,0.8,0.25,1
11852,39,Med,7,6,82,17.4,3.71,10.56,0.39,0
11859,18,Med,0,0,12,8.2,0.15,0.83,0.77,1
11860,66,Bas,40,17,149,13.1,7.79,11.73,0.22,0
11897,43,Med,6,6,40,6.6,0.5,2.14,0.23,0
11916,39,SupCom,14,8,46,6.5,0.5,2.49,0.21,0
11941,27,SupInc,5,4,27,10.5,0.99,1.84,0.49,0
11964,47,SupInc,17,13,111,8.8,5.73,4.03,0.17,0
11973,25,Bas,9,3,25,23.5,0.34,5.53,1.17,1
11995,57,SupInc,7,14,43,20.8,2.5,6.45,0.69,1
12099,69,Bas,6,24,60,18.6,1.27,9.89,0.5,0
12104,20,SupInc,0,0,22,4.2,0.54,0.39,0.23,1
12110,42,Bas,15,7,60,6.1,2.01,1.65,0.16,0
12133,33,Med,12,5,70,5.7,0.83,3.16,0.14,0
12149,41,Med,10,7,29,4.2,0.47,0.74,0.19,0
12157,35,SupInc,0,7,36,4.7,0.55,1.15,0.18,0
12239,46,SupInc,20,16,122,6.7,2.89,5.28,0.12,0
12382,24,SupCom,0,1,27,4.2,0.44,0.69,0.2,0
12439,34,SupInc,7,8,43,30.3,3.92,9.11,1.01,1
12540,36,Med,7,4,41,18.9,3.18,4.57,0.65,0
12596,19,Bas,0,0,18,15.1,0.79,1.92,0.99,1
12638,29,Posg,1,4,51,1.3,0.28,0.38,0.04,0
12687,44,Med,7,9,59,8.4,1.77,3.19,0.23,0
12710,19,Med,0,0,28,11.7,0.82,2.45,0.53,0
12729,39,Bas,2,9,29,3.7,0.48,0.6,0.16,0
12759,30,SupCom,5,5,222,2.9,1.97,4.47,0.04,0
12779,72,Med,44,13,187,9.2,4.71,12.49,0.14,0
12841,18,Med,0,0,30,7,0.81,1.29,0.3,1
12910,28,SupInc,7,5,30,8.5,0.46,2.09,0.37,0
12946,24,Bas,5,2,27,10,1.29,1.41,0.47,0
13005,33,Med,8,4,45,12.1,0.11,5.34,0.39,0
13013,34,SupCom,11,4,132,4.7,1.51,4.69,0.08,0
60060,46,SupCom,7,16,41,2.5,0.35,0.67,0.09,0
60063,36,Med,16,4,96,12.2,5.42,6.29,0.25,0
60070,45,Bas,13,7,65,28.6,10.73,7.86,0.73,1
60087,59,Bas,34,26,154,8.5,8.33,4.76,0.14,0
60090,35,Med,9,1,80,12.9,4.28,6.04,0.29,1
60112,62,SupCom,31,22,387,15,5.4,52.65,0.19,0
60199,29,SupCom,1,4,38,4.5,0.82,0.89,0.16,1
60220,56,SupInc,30,14,167,1.4,0.46,1.88,0.02,0
60229,24,Med,4,1,39,21.5,3.97,4.42,0.77,1
60237,32,SupInc,1,6,45,13.9,1.51,4.74,0.45,1
60256,25,Med,6,2,29,5.9,0.64,1.07,0.26,0
60309,37,Bas,9,6,33,1.2,0.11,0.28,0.05,0
60324,27,SupInc,1,2,28,23.5,0.82,5.76,1.07,0
60346,56,Med,37,10,160,11.4,6.77,11.47,0.19,0
60410,31,Med,11,6,61,34.4,9.48,11.5,0.91,1
60435,59,Bas,31,15,86,6.8,1.61,4.23,0.15,0
60494,65,SupInc,26,16,186,4.2,2.98,4.83,0.06,0
60497,26,Bas,0,3,29,16.9,3.09,1.81,0.75,1
60499,27,SupInc,3,4,68,24.9,5.23,11.7,0.62,1
60515,30,Bas,6,3,22,15.5,0.13,3.28,0.86,1
60625,43,Bas,22,13,96,1.2,0.34,0.81,0.02,0
60634,30,SupCom,4,5,64,14.1,2.83,6.19,0.36,0
60657,18,Med,0,0,19,14,0.56,2.1,0.88,1
60686,24,SupInc,1,1,33,14,0.06,4.56,0.56,0
60777,31,SupCom,0,6,28,4.5,0.07,1.19,0.21,0
60925,25,Bas,4,3,31,3.1,0.37,0.59,0.13,0
60937,24,SupCom,0,2,48,1.2,0.06,0.51,0.04,1
60942,26,SupInc,2,3,37,3.1,0.35,0.8,0.11,0
60944,33,Med,13,5,54,16.2,2.88,5.87,0.46,1
60947,44,SupCom,18,9,136,4.2,1.42,4.3,0.07,0
60949,18,Med,0,0,16,6,0.4,0.56,0.44,0
60980,29,SupInc,1,2,34,15.5,0.39,4.88,0.61,1
61081,21,SupInc,0,1,27,16.5,1.16,3.3,0.78,0
61231,41,Med,22,13,54,4.1,0.82,1.39,0.12,0
61255,40,SupCom,11,8,238,7.9,6.34,12.47,0.11,0
61272,37,Bas,5,10,21,14.5,0.71,2.33,0.84,0
61437,24,Bas,6,3,36,13.2,1.92,2.83,0.5,0
61475,24,SupCom,0,4,18,2.9,0.18,0.34,0.19,0
61481,18,Med,0,0,25,2.9,0.56,0.16,0.14,0
61510,30,SupCom,5,6,95,7,3.46,3.19,0.14,0
61513,36,Bas,4,8,45,13.2,0.33,5.61,0.43,0
61536,34,Bas,14,9,39,11.4,2.71,1.73,0.41,0
61605,63,SupInc,8,25,92,5.6,0.89,4.27,0.12,0
61632,56,Posg,16,19,232,2.8,2.1,4.39,0.04,0
61637,41,Med,9,8,68,28.3,4.52,14.72,0.7,1
61638,23,SupCom,0,1,53,3,0.63,0.96,0.09,1
61685,25,Posg,0,3,32,14.6,1.45,3.22,0.6,1
61722,22,Bas,1,1,22,3.2,0.16,0.55,0.18,0
61760,58,Med,19,9,114,6.4,0.28,7.02,0.12,0
61791,31,SupInc,7,5,53,2.7,0.73,0.7,0.08,0
61800,47,Med,6,10,40,8.7,1.31,2.17,0.3,1
61802,55,Med,13,11,63,17.5,2.56,8.47,0.45,0
61844,39,Med,9,5,60,9.2,2.08,3.44,0.25,0
61875,27,Posg,0,4,30,4.3,0.42,0.87,0.19,0
61881,30,SupInc,7,4,60,21.6,5.57,7.39,0.58,1
61920,35,Med,6,5,32,7.6,0.82,1.61,0.31,0
61946,30,SupCom,4,7,30,9.2,0.89,1.87,0.4,0
61952,19,Med,0,0,23,8.8,1.11,0.92,0.47,0
61972,38,SupCom,14,4,98,16.5,1.34,14.83,0.33,0
61980,20,Med,1,0,19,8,0.78,0.74,0.5,0
62038,43,Med,14,8,61,10.8,2.17,4.41,0.28,0
62060,25,Med,2,3,25,9.9,1.4,1.08,0.5,0
62074,41,Bas,11,5,36,10.2,1.37,2.31,0.39,1
62109,37,SupInc,3,4,36,6.7,0.68,1.73,0.25,0
62155,22,Bas,0,2,17,3.7,0.14,0.49,0.25,1
62168,23,Med,0,3,27,17.6,2.13,2.62,0.83,1
62184,45,SupCom,1,8,60,9.9,1.14,4.8,0.26,1
62219,19,Bas,1,0,20,8.8,0.55,1.21,0.53,0
62223,26,Med,6,3,23,13.6,0.13,3,0.73,0
62229,25,SupCom,0,2,21,22.3,1.68,3.01,1.29,1
62238,49,SupCom,1,8,51,11.2,1.86,3.85,0.33,0
62301,76,Bas,15,20,26,5.6,0.14,1.32,0.27,0
62380,28,SupInc,1,3,16,5.2,0.5,0.33,0.38,0
62399,37,Bas,18,8,36,4.8,0.44,1.29,0.18,0
62406,41,Bas,9,8,29,5.6,0.25,1.38,0.25,0
62428,30,Med,8,4,68,2.4,0.27,1.36,0.06,0
62534,39,SupInc,4,9,78,14,7.21,3.71,0.32,1
62545,25,SupInc,2,2,19,3.4,0.19,0.46,0.21,0
62573,26,Posg,0,4,19,7.7,0.67,0.79,0.48,0
62602,24,Bas,8,2,28,6.6,0.26,1.59,0.3,0
62610,61,Bas,0,10,42,18.4,4.01,3.72,0.62,0
62637,26,Med,6,2,38,10.6,2.57,1.46,0.39,0
62645,18,Med,0,0,44,9.2,1.25,2.8,0.3,0
62691,41,Med,21,8,189,6.3,6.22,5.69,0.1,0
62693,49,SupInc,9,16,64,6.1,0.33,3.57,0.16,0
62744,18,Bas,0,0,20,3.9,0.37,0.41,0.23,0
62750,18,Med,0,0,24,6.5,0.3,1.26,0.34,0
62792,52,SupCom,2,12,96,7.1,2.28,4.54,0.15,1
62812,32,Med,2,6,30,9.4,1.18,1.64,0.41,0
62835,27,Med,6,5,42,9.1,2.19,1.64,0.31,1
62837,23,SupInc,0,2,57,17.8,2.73,7.42,0.49,1
62863,29,SupCom,3,3,46,8.1,0.29,3.44,0.26,0
62867,73,Med,53,25,410,4.1,3.11,13.7,0.05,0
62923,31,SupCom,3,5,22,4.6,0.23,0.79,0.26,0
62975,19,Med,0,0,28,9.1,0.87,1.68,0.42,1
63023,57,Med,4,9,39,4.3,0.56,1.12,0.15,0
63041,18,Med,0,0,19,1.5,0.06,0.22,0.09,0
63054,22,Bas,1,1,19,8.9,0.49,1.2,0.56,0
63055,21,Med,0,1,30,4.3,0.18,1.11,0.19,0
63071,33,SupInc,4,4,60,9.5,1.61,4.09,0.25,0
70016,21,SupInc,0,1,41,23.4,1.97,7.63,0.8,1
70065,42,SupInc,18,15,63,11.3,2.54,4.58,0.29,0
70093,32,SupInc,10,5,38,11.5,1.05,3.32,0.42,0
70178,33,SupCom,5,4,105,13.4,7.05,7.02,0.26,1
70186,73,Bas,50,34,289,8.4,7.84,16.43,0.11,0
70221,61,SupCom,23,20,81,8.9,1.7,5.51,0.2,0
70248,38,Posg,2,8,229,6.7,3.94,11.4,0.1,0
70269,46,SupInc,13,11,45,22.2,3.33,6.66,0.72,1
70325,20,SupInc,0,0,20,7.2,0.34,1.1,0.43,1
70403,19,Med,0,0,24,15.6,0.75,3,0.81,1
70412,28,SupCom,0,4,47,18.6,6.71,2.04,0.58,1
70430,24,SupCom,0,2,21,6.6,0.58,0.81,0.38,1
70522,53,Bas,1,12,30,8.8,0.41,2.23,0.38,0
70525,35,Med,14,7,62,8.2,0.6,4.48,0.21,0
70548,43,Med,7,11,53,3.7,0.85,1.11,0.11,0
70553,32,Bas,9,6,33,8.1,1.15,1.52,0.33,0
70558,27,Bas,9,1,28,5.7,0.11,1.49,0.26,0
70567,18,Med,0,0,22,1.5,0.13,0.2,0.08,0
70673,19,Med,0,0,31,28.7,5.36,3.53,1.21,1
70687,18,Med,0,0,36,6.2,1.05,1.18,0.23,1
70710,54,Med,20,15,82,20,4.35,12.05,0.44,0
70770,43,SupInc,0,4,31,2.4,0.28,0.46,0.1,0
70849,50,Med,15,14,65,12.6,3.05,5.14,0.32,0
70886,26,Bas,10,3,31,8.8,0.78,1.95,0.37,0
70888,35,Med,4,2,57,6,1.29,2.13,0.17,0
70907,47,Med,6,12,34,4.4,0.53,0.97,0.17,0
70938,31,Posg,2,5,19,15.9,0.94,2.08,1,0
71122,40,SupInc,7,11,53,12.4,1.48,5.09,0.36,0
71175,56,SupCom,14,25,206,27.9,15.29,42.19,0.41,1
71264,34,SupCom,3,8,72,7.6,0.38,5.09,0.18,0
71270,18,Med,0,0,18,12.7,0.65,1.64,0.83,1
71417,46,Med,24,10,78,6.9,2.74,2.64,0.16,0
71424,31,Med,2,6,45,3.1,0.43,0.96,0.1,0
71431,25,Med,1,1,16,2.1,0.15,0.19,0.15,0
71439,79,Bas,63,18,497,8.2,15.08,25.68,0.1,0
71522,43,SupInc,21,14,125,11.5,6.33,8.05,0.21,0
71585,26,Bas,9,3,41,22.1,0.62,8.44,0.76,0
71630,26,SupInc,1,4,36,12.5,1.59,2.91,0.47,0
71699,18,Bas,0,0,28,17,1.75,3.01,0.78,1
71730,30,Med,0,4,25,7.4,0.26,1.59,0.37,0
71732,47,SupInc,3,8,69,5.2,0.9,2.69,0.13,0
71758,18,Med,0,0,35,12.4,1.13,3.21,0.48,0
71761,30,Bas,13,3,38,4.6,0.34,1.41,0.17,0
71782,21,SupInc,0,1,25,6.7,1.29,0.38,0.33,1
71784,33,SupCom,4,9,119,15.3,6.57,11.63,0.28,1
71812,36,Med,3,6,28,4.9,0.26,1.12,0.22,0
71817,26,Med,7,3,49,17.7,5.38,3.3,0.54,1
71896,20,SupInc,0,0,21,1.3,0.18,,0.07,1
72021,56,Med,19,8,76,1.2,0.18,0.73,0.03,0
72023,42,SupCom,7,12,130,11.6,3.33,11.75,0.21,1
72147,23,SupCom,0,3,47,8.9,0.62,3.56,0.28,0
72213,32,SupInc,3,8,86,7.9,2.2,4.59,0.17,0
72221,20,SupInc,0,0,30,10.6,2.53,0.65,0.46,1
72302,19,Med,0,0,21,12,0.35,2.17,0.69,0
72307,26,Med,1,0,26,11.1,1.69,1.19,0.54,1
72327,19,Med,0,,,,,,0.01,1
72385,59,SupInc,31,21,102,0.3,0.1,0.2,0.01,0
72447,21,SupInc,0,1,13,8.3,0.45,0.63,0.72,1
72506,39,SupCom,14,6,152,27.4,13.41,28.24,0.45,1
72584,18,Med,0,0,12,3.3,0.11,0.29,0.31,1
72633,20,Med,0,0,38,7.5,0.36,2.49,0.27,0
72635,33,SupCom,1,6,23,4.2,0.19,0.77,0.22,1
72704,19,Bas,1,0,16,3.4,0.31,0.24,0.25,1
72756,29,SupInc,5,5,52,16.8,5.63,3.1,0.49,0
72803,70,SupInc,48,25,165,14.8,0.56,23.86,0.24,0
72806,44,Bas,22,8,93,9,4.38,3.99,0.19,0
72846,40,Med,20,10,117,11.9,4.94,8.98,0.22,0
72860,21,Med,1,1,23,7.4,0.26,1.44,0.4,1
72954,43,Med,8,11,48,9.7,1.32,3.34,0.3,0
73016,27,Med,3,4,28,4.2,0.54,0.64,0.19,0
73083,21,SupInc,0,1,21,10.4,1.54,0.65,0.6,0
73188,29,Med,3,5,45,14.1,1.68,4.66,0.45,1
73525,41,Med,2,10,40,7.9,0.31,2.85,0.28,0
73537,28,SupCom,5,3,30,7,0.46,1.64,0.3,0
73591,48,Med,5,10,43,6.9,2.26,0.7,0.23,1
73650,25,Posg,0,3,66,2.8,0.9,0.94,0.07,0
73703,41,Med,3,7,62,7,2.89,1.45,0.18,1
73741,22,Med,1,2,24,16.1,0.8,3.07,0.83,0
73764,47,SupInc,8,11,43,11.8,2.27,2.8,0.39,0
73864,18,Med,0,0,24,5.3,0.59,0.68,0.27,0
73907,28,Posg,0,4,50,8.6,0.28,4.02,0.26,0
73999,41,Med,5,8,37,5.8,0.35,1.8,0.21,0
74006,31,Med,2,7,42,10.3,0.86,3.47,0.35,1
74096,19,Med,0,0,21,14.3,1.22,1.78,0.82,0
74136,31,SupInc,1,7,28,2,0.17,0.39,0.09,0
74169,18,Med,0,0,21,21.8,1.44,3.14,1.26,1
74209,39,Med,5,5,39,4.2,0.72,0.92,0.15,0
74221,20,Med,0,0,17,7.3,0.57,0.67,0.5,1
74272,31,SupCom,8,4,29,6.8,1.12,0.85,0.3,0
74287,23,Bas,3,1,41,5.5,0.67,1.58,0.19,0
74372,25,SupInc,3,3,58,20.6,3.5,8.45,0.56,0
74378,29,SupCom,3,1,47,2.9,0.53,0.83,0.09,0
74394,38,SupInc,15,4,136,20.2,6.76,20.71,0.35,1
74471,39,Bas,8,9,41,0.1,0.03,,0,0
74498,28,SupCom,4,4,20,15.5,0.3,2.8,0.93,1
74528,40,SupInc,10,12,38,6.1,0.92,1.4,0.22,0
74547,46,SupInc,2,13,56,2.3,0.41,0.87,0.06,0
74589,61,Bas,45,22,209,10.9,4.12,18.66,0.16,0
74658,49,SupCom,18,13,182,4.8,0.94,7.79,0.07,0
74677,71,Med,35,19,131,11.6,6.03,9.16,0.2,0
95009,20,Bas,2,0,20,2.7,0.2,0.34,0.16,1
95034,20,SupInc,0,0,20,11.3,1.96,0.3,0.68,1
95050,18,Med,0,0,29,5.6,0.9,0.73,0.25,0
95066,32,Posg,3,6,59,9,1.85,3.46,0.24,0
95138,42,SupInc,2,13,22,13.6,1.46,1.53,0.75,1
95177,43,SupInc,9,9,57,4.5,1.81,0.76,0.12,0
95185,27,Bas,7,5,43,10,1.2,3.1,0.33,0
95204,23,Med,3,2,66,2.7,0.79,0.99,0.07,0
95209,21,Med,1,0,33,13.1,1.31,3.01,0.53,1
95220,49,SupInc,24,11,90,13.9,8.06,4.45,0.29,0
95299,49,Med,28,11,93,12.8,1.56,10.34,0.27,0
95372,19,Med,0,0,28,9.7,1.35,1.37,0.44,1
95384,24,SupCom,0,2,21,11,0.72,1.59,0.63,1
95388,23,SupCom,0,1,30,12.8,2.3,1.54,0.55,1
95450,43,SupInc,13,9,82,9.9,1.78,6.34,0.22,0
95481,28,Med,8,3,22,5.4,0.17,1.02,0.3,0
95530,26,SupCom,2,3,36,14.4,1.89,3.29,0.54,1
95541,40,SupCom,7,11,33,12.4,0.65,3.45,0.5,0
95582,47,Bas,22,17,108,8.9,1.37,8.24,0.17,0
95633,19,Med,0,0,22,16.8,1.64,2.06,0.93,1
95641,71,Bas,18,27,57,11.5,2.58,3.97,0.32,0
95723,72,SupCom,26,24,146,12.6,2.12,16.28,0.21,0
95739,45,Med,1,10,43,2.8,0.38,0.82,0.09,0
95833,20,SupInc,0,0,29,17,1.93,3,0.76,1
95858,42,Med,7,8,47,7.8,1.02,2.65,0.24,0
95859,33,SupCom,1,3,40,13.3,0.87,4.45,0.47,0
95998,42,Med,19,8,63,20.4,5.31,7.54,0.53,0
96001,20,SupInc,0,0,28,10.4,0.93,1.98,0.48,1
96007,20,SupInc,0,1,19,4.5,0.35,0.51,0.28,0
96037,20,SupInc,0,0,20,13.5,0.59,2.11,0.81,0
96088,34,SupInc,11,5,68,11.9,3.37,4.73,0.29,0
96098,39,Bas,12,11,47,9.5,1.03,3.43,0.3,0
96116,42,Bas,2,10,38,3.6,0.39,0.98,0.13,1
96167,61,Bas,7,22,35,10.4,0.7,2.94,0.4,0
96197,30,SupCom,2,6,61,2.9,0.64,1.13,0.08,1
96228,39,SupCom,12,9,82,6.2,1.79,3.29,0.14,0
96253,26,SupInc,5,2,25,10.8,1.13,1.57,0.54,0
96263,62,SupInc,12,10,108,7.3,1.38,6.5,0.14,0
96479,48,Med,17,8,81,30,11.64,12.66,0.67,1
96521,39,SupInc,17,9,165,3.3,2.55,2.89,0.05,0
96536,51,Bas,33,13,234,9.6,4.25,18.22,0.14,0
96611,31,SupInc,4,6,43,6.9,0.66,2.31,0.23,0
96627,45,SupInc,19,7,286,5,4.53,9.77,0.07,0
96714,44,SupCom,0,9,167,10.6,7.79,9.91,0.17,1
96732,28,Med,9,3,36,3.2,0.09,1.06,0.12,0
96945,36,SupInc,8,4,41,11.1,1.57,2.98,0.38,1
96961,38,Posg,4,5,66,10.7,2.4,4.66,0.27,1
97000,61,Med,22,6,108,22.2,6.04,17.93,0.43,0
97003,66,SupInc,6,20,61,7.7,1.2,3.49,0.2,1
97045,24,Med,5,3,31,10.4,0.7,2.52,0.44,0
97048,45,Bas,12,10,44,9.8,1.6,2.72,0.32,0
97147,47,Posg,8,13,33,15.4,1.71,3.37,0.62,0
97173,19,Med,0,0,25,3.9,0.68,0.29,0.19,1
97191,28,Med,2,5,26,23.6,0.74,5.4,1.14,1
97247,40,SupCom,3,10,35,10,1.09,2.42,0.39,1
97289,25,SupCom,1,1,27,14.2,0.46,3.38,0.67,0
97350,64,Bas,26,26,56,20.3,2.01,9.36,0.57,0
97355,40,SupInc,15,4,78,15.5,3.52,8.57,0.35,0
97357,37,Posg,1,10,90,1.8,0.25,1.37,0.04,0
97402,56,Med,35,14,236,3.9,6.68,2.52,0.06,0
97548,33,SupInc,8,4,102,28.8,7.93,21.44,0.57,1
97595,66,SupInc,30,22,104,6.7,2.29,4.68,0.13,0
97629,18,Med,0,0,28,9.9,1.05,1.72,0.45,0
97815,52,SupInc,28,23,108,3.9,2.21,2,0.08,0
97845,46,Bas,2,10,38,8.2,0.5,2.62,0.3,1
97911,51,Med,3,14,19,4.9,0.34,0.59,0.31,0
97992,34,Med,6,4,45,9.1,1.31,2.78,0.29,0
98023,19,Med,0,0,18,6.3,0.26,0.87,0.41,0
98041,52,Bas,33,12,80,9,1.06,6.14,0.2,0
98114,24,Bas,2,2,29,23.6,0.47,6.38,1.05,0
98144,35,SupCom,5,4,47,16.1,3.18,4.39,0.5,1
98195,29,SupCom,1,4,50,15.1,2.67,4.88,0.45,1
98277,47,Med,10,10,48,7,1.98,1.38,0.22,0
98410,26,SupInc,4,4,50,0.8,0.13,0.27,0.02,0
98611,27,SupCom,2,3,34,11.4,2.16,1.72,0.45,0
98648,19,Med,0,0,36,6.7,0.89,1.52,0.25,0
98678,51,Med,28,20,134,4.1,1.75,3.74,0.07,0
98849,46,Bas,13,12,94,15.7,8.31,6.45,0.32,1
98854,23,SupInc,1,1,30,13.6,2.04,2.04,0.59,1
98855,19,Med,0,0,20,5.6,0.16,0.96,0.34,1
98961,23,Med,3,1,27,17.8,0.93,3.88,0.84,1
98972,30,SupCom,1,6,16,8.5,1.08,0.28,0.62,1
98987,21,SupInc,0,0,35,6.8,0.91,1.47,0.26,1
99058,20,SupInc,0,0,35,5.8,0.76,1.27,0.22,0
99139,23,SupCom,0,2,36,1.1,0.1,0.29,0.04,0
99161,46,SupInc,2,14,27,12.1,0.55,2.72,0.57,0
99306,43,Med,20,8,180,7.3,4.2,8.94,0.11,0
99337,27,Med,5,3,28,5.2,0.5,0.96,0.24,0
99363,45,Bas,3,13,38,22.1,2.59,5.8,0.8,1
99378,22,SupInc,1,2,27,9.8,0.25,2.4,0.46,0
99388,41,Med,13,7,50,14.2,3.72,3.38,0.43,1
99395,52,Bas,8,6,43,17.5,3.44,4.09,0.58,0
99428,53,Med,34,18,251,15.9,12.37,27.54,0.22,0
99436,20,SupInc,0,0,45,7.7,1.14,2.32,0.25,1
99449,30,Posg,2,8,99,1.5,0.8,0.69,0.03,0
99476,68,Med,0,17,22,12.5,1.05,1.7,0.69,0
99524,31,SupCom,0,7,41,3.8,1.11,0.44,0.13,0
99592,54,Med,2,21,32,6.7,0.17,1.97,0.28,0
99593,26,SupInc,2,3,38,7.6,1.39,1.49,0.28,1
99634,32,Med,12,6,61,8.2,0.3,4.71,0.22,0
120070,27,Med,4,2,34,15.1,0.84,4.3,0.6,0
120073,60,SupInc,22,10,60,22.3,3.25,10.13,0.59,0
120117,47,Med,13,19,58,3.5,0.62,1.41,0.1,0
120155,47,Med,6,11,75,15.2,2.93,8.47,0.35,0
120174,69,SupCom,7,20,75,13.5,1.03,9.09,0.31,1
120175,45,Med,7,8,32,5.4,0.13,1.6,0.22,0
120194,29,SupInc,2,5,31,6.8,1.41,0.7,0.29,0
120199,29,SupInc,4,5,67,7.9,0.93,4.36,0.2,0
120278,27,Bas,5,2,33,5.1,0.58,1.1,0.21,0
120285,44,Bas,9,3,37,18.4,2.92,3.89,0.68,0
120304,21,SupInc,0,1,55,17.1,6.9,2.5,0.48,1
120306,26,SupInc,4,4,28,15,2.38,1.82,0.69,0
120397,56,SupInc,26,13,384,11.2,23.31,19.7,0.14,1
120428,38,SupCom,4,8,91,3.9,1.02,2.53,0.08,1
120482,42,SupCom,17,8,54,10.3,0.29,5.27,0.29,0
120611,43,SupInc,13,11,59,11,1.72,4.77,0.3,1
120614,37,Med,17,6,123,10.6,3.89,9.15,0.19,0
120633,64,SupInc,15,22,227,29.9,35.97,31.9,0.43,1
120651,39,Med,0,10,38,7.5,0.2,2.65,0.27,0
120658,21,Med,1,0,20,20.3,0.41,3.65,1.22,0
120708,30,SupCom,5,3,62,2.6,0.7,0.91,0.07,0
120724,52,Med,9,12,72,15.4,4.08,7.01,0.37,0
120769,40,SupCom,5,9,62,8,1.49,3.47,0.21,1
120806,23,Med,3,2,25,2.5,0.17,0.45,0.12,0
120822,40,Med,2,7,32,3.4,0.18,0.91,0.14,0
120942,19,Med,0,0,37,3,0.21,0.9,0.11,0
120999,22,SupCom,0,0,36,3.3,0.28,0.91,0.12,0
121027,50,Bas,20,11,67,18.4,7.24,5.09,0.46,1
121055,36,Posg,7,12,67,8.2,3.1,2.4,0.2,0
121097,47,SupInc,14,16,36,0.9,0.08,0.24,0.03,0
121113,19,Med,0,0,50,1.8,0.49,0.41,0.05,0
121151,32,SupInc,10,7,70,3.2,0.85,1.39,0.08,1
121201,20,SupInc,0,0,32,8.5,1.11,1.61,0.35,0
121202,20,Med,0,0,26,4,0.39,0.65,0.19,1
121206,22,SupCom,0,2,31,7.6,0.2,2.16,0.32,0
121261,23,SupCom,0,2,45,10.7,0.61,4.2,0.34,1
121266,62,Med,4,5,38,11.3,0.94,3.35,0.41,0
121285,29,Med,9,3,69,6.7,1.07,3.55,0.16,0
121287,34,Bas,6,6,33,6.4,0.53,1.59,0.26,0
121349,18,Med,0,0,25,6.2,0.62,0.93,0.31,1
121353,23,SupInc,2,2,47,14.6,2.94,3.93,0.46,1
121366,35,Bas,5,8,62,8.5,1.99,3.28,0.22,1
121378,30,SupInc,5,3,27,6.2,0.86,0.81,0.29,0
121380,36,SupInc,7,10,118,11.2,8.48,4.73,0.21,1
121382,18,Med,0,0,28,2.4,0.22,0.45,0.11,1
121498,26,Med,2,4,30,40.7,5.49,6.72,1.76,1
121541,18,Med,0,0,33,8.2,0.84,1.87,0.33,1
121565,31,Med,11,8,47,26.9,3.51,9.13,0.84,0
121595,33,SupInc,3,2,46,3.8,0.41,1.34,0.12,0
121735,20,Bas,2,0,20,18.8,1.19,2.57,1.13,1
121758,22,SupCom,0,1,36,10.7,1.67,2.18,0.4,1
121775,22,Med,3,1,45,11.1,1.85,3.15,0.36,0
121777,22,Bas,4,1,24,4.4,0.53,0.52,0.23,0
121795,26,SupCom,0,2,103,14.3,8.54,6.19,0.28,1
121826,34,Bas,10,7,96,5.4,1.65,3.53,0.11,0
121865,30,Bas,13,2,42,15.3,0.94,5.48,0.52,0
121921,40,SupInc,15,5,53,23.5,1.91,10.55,0.68,1
121925,21,Med,1,0,43,14.1,3.38,2.69,0.47,1
121968,20,Med,0,0,28,18,3.07,1.97,0.82,1
121979,18,Med,0,0,20,14.5,0.33,2.57,0.87,0
122000,53,Med,24,8,129,2.7,1.01,2.48,0.05,0
122036,70,Med,27,21,92,9.3,3.01,5.54,0.19,0
122060,26,Posg,0,3,49,4.4,0.95,1.21,0.13,0
122066,43,Med,16,7,119,18.1,8.16,13.38,0.33,1
122084,38,SupInc,3,3,34,3.9,0.86,0.46,0.15,0
122157,31,Med,3,6,45,0.7,0.13,0.19,0.02,0
122192,24,SupCom,0,1,35,1.2,0.04,0.38,0.05,1
122205,44,SupCom,21,14,314,4.7,3.5,11.26,0.06,0
122365,62,Posg,31,14,699,5.9,6.6,34.64,0.07,0
122372,52,SupInc,24,10,403,5.1,8.32,12.23,0.06,0
122460,33,SupCom,3,2,40,1.2,0.26,0.22,0.04,0
122484,26,SupCom,1,3,39,2,0.33,0.45,0.07,0
122575,34,Med,4,8,46,5.5,0.7,1.83,0.17,0
122602,54,SupCom,0,14,66,9.6,1.98,4.35,0.24,0
122609,61,Bas,0,24,25,33,3.42,4.83,1.65,1
122620,44,Posg,2,13,91,4.8,1.02,3.35,0.1,1
122653,22,Med,0,2,16,9.8,0.31,1.26,0.71,1
122655,19,Bas,3,0,21,7.1,0.48,1.01,0.41,0
122694,20,Med,0,0,26,8.9,0.5,1.81,0.43,0
122889,35,SupCom,10,7,44,0.5,0.11,0.11,0.02,0
122943,24,SupCom,0,2,28,4,0.7,0.42,0.18,0
122999,30,Posg,1,6,33,7.4,0.63,1.81,0.3,0
123027,21,Bas,1,1,29,24,2.2,4.76,1.07,0
123040,45,SupCom,0,14,81,4.1,1.51,1.81,0.09,0
123059,38,Posg,9,11,66,1.2,0.59,0.2,0.03,0
123079,21,Med,1,1,37,8.5,0.9,2.25,0.31,0
123081,45,SupCom,7,13,42,36.8,10.19,5.27,1.24,1
123125,40,Bas,22,8,141,11,5.06,10.45,0.19,0
123128,22,SupCom,0,1,74,7.5,1.86,3.69,0.18,1
123148,56,Med,34,21,475,2.3,3.88,7.05,0.03,0
123179,37,Med,9,11,41,2.9,0.11,1.08,0.1,0
123217,29,Med,3,2,42,9.3,1.77,2.14,0.31,0
123230,37,SupCom,10,6,97,8.3,2.01,6.04,0.17,0
123242,20,Bas,3,0,21,17.9,0.53,3.23,1.03,1
123373,30,SupInc,6,4,20,9.7,0.51,1.43,0.58,1
123402,26,SupCom,0,3,36,17.9,3.02,3.43,0.68,1
123404,18,Med,0,0,47,3.6,1.21,0.48,0.11,0
123432,31,Bas,5,7,27,4.2,0.56,0.57,0.2,0
123464,44,SupInc,8,8,49,16.3,2.46,5.53,0.5,1
123468,19,Med,0,0,24,12.5,0.94,2.06,0.65,1
240017,77,Posg,2,24,28,10.6,1.37,1.6,0.48,0
240070,37,SupCom,0,9,83,14.9,5.9,6.47,0.33,1
240093,35,SupCom,9,6,123,6.1,1.7,5.8,0.11,0
240152,24,SupCom,0,0,64,13,3.98,4.34,0.33,1
240198,31,SupCom,1,4,43,7.9,2.49,0.9,0.26,0
240202,59,SupCom,19,21,174,27.9,16.41,32.14,0.44,1
240252,18,Med,0,0,27,4.1,0.17,0.94,0.19,1
240289,29,Med,8,5,35,21.1,1.65,5.73,0.81,1
240302,38,SupCom,6,7,25,31.3,2.21,5.61,1.56,1
240360,27,SupInc,3,5,26,2,0.04,0.48,0.1,1
240403,49,Med,15,11,35,3,0.74,0.32,0.12,0
240497,24,SupInc,1,2,23,14.8,0.8,2.61,0.79,1
240505,27,SupCom,3,5,36,16.2,1.39,4.44,0.61,1
240612,26,Med,2,4,26,14.5,0.56,3.21,0.7,0
240623,32,SupCom,0,6,37,3.1,0.59,0.55,0.11,1
240675,53,Posg,16,13,51,4.1,0.95,1.14,0.12,0
240676,19,Med,0,0,17,14.1,1.04,1.36,0.97,1
240680,18,Med,0,0,19,6.4,0.4,0.82,0.4,1
240694,19,Med,1,0,21,7.9,1.1,0.55,0.45,1
240697,51,Med,25,16,96,21.5,7.31,13.33,0.44,0
240705,30,Posg,3,2,40,16.9,2.22,4.54,0.59,1
240722,63,Bas,22,21,61,13.5,1.83,6.41,0.36,0
240764,30,SupCom,1,4,73,29.8,7.05,14.71,0.71,1
240789,27,SupCom,3,3,43,4.5,0.58,1.36,0.15,0
240792,42,Med,15,9,46,13.1,1.06,4.97,0.42,0
240895,24,SupCom,0,3,44,13.5,2.38,3.56,0.44,1
241000,20,Med,0,0,23,23.6,3.54,1.89,1.26,1
241089,28,SupInc,4,5,20,6.2,0.57,0.67,0.37,0
241132,25,Med,3,2,23,5,0.28,0.87,0.27,0
241163,24,SupCom,0,3,49,5,0.87,1.58,0.15,1
241191,36,SupInc,9,7,76,5.7,0.29,4.04,0.13,0
241279,44,Med,11,12,50,22,2.11,8.89,0.66,0
241350,23,SupInc,0,1,45,15.8,1.12,5.99,0.51,0
241424,32,SupInc,1,4,26,3.3,0.24,0.62,0.16,0
241525,32,Med,9,7,53,14.9,5.81,2.08,0.43,1
241564,35,SupCom,7,6,76,7,0.56,4.76,0.16,0
241582,30,SupInc,3,6,34,14.3,2.26,2.61,0.56,1
241594,30,Bas,4,3,36,9.6,0.83,2.63,0.36,1
241652,31,Med,6,5,26,6.5,0.33,1.36,0.32,0
241732,23,Bas,0,2,16,17.2,0.91,1.84,1.25,1
241770,46,Bas,11,8,61,10.4,3.44,2.9,0.27,0
241837,59,Bas,33,17,308,6.7,7.39,13.25,0.09,0
241859,39,Posg,1,10,185,7,10.45,2.5,0.11,1
241980,29,Posg,3,3,55,27.1,8.35,6.56,0.76,1
242047,26,SupCom,2,4,19,3.8,0.11,0.62,0.24,0
242106,34,Med,6,7,27,6.4,0.27,1.46,0.3,0
242108,30,Bas,12,5,35,5.7,1.34,0.66,0.22,0
242216,23,SupCom,0,2,29,9.4,0.84,1.89,0.42,1
242303,22,SupCom,0,1,76,7.7,3.62,2.24,0.18,0
242345,27,SupCom,0,4,46,1.9,0.23,0.64,0.06,1
242430,30,SupInc,0,5,70,6.9,0.37,4.46,0.17,1
242433,23,Med,0,1,22,9,0.71,1.27,0.5,0
242464,42,Posg,12,13,34,6.1,0.56,1.52,0.24,0
242467,29,SupCom,2,3,55,15.6,1.48,7.1,0.44,1
242512,47,Med,16,8,66,1.7,0.1,1.02,0.04,0
242560,34,SupCom,8,7,30,5.7,1.08,0.63,0.25,0
242597,31,Med,11,7,51,12.4,4.14,2.19,0.37,1
242601,35,SupCom,10,4,53,19,3.64,6.43,0.55,0
242691,19,Bas,2,0,21,12,0.15,2.37,0.69,0
242710,30,Bas,7,7,40,11.4,1.78,2.78,0.4,1
242840,25,SupCom,0,2,35,0.6,0.07,0.14,0.02,0
243028,38,Posg,11,8,40,8.8,1.65,1.87,0.31,0
243048,18,Med,0,0,34,2.8,0.29,0.66,0.11,0
243058,53,Med,10,14,62,13.4,2.38,5.93,0.35,1
243076,31,Bas,10,5,60,27.3,6.27,10.11,0.73,1
243083,38,SupCom,7,7,274,2.3,4.32,1.99,0.03,1
243086,19,Med,0,0,21,2.5,0.03,0.49,0.14,0
243118,20,Bas,2,0,18,2.3,0.06,0.36,0.15,0
243175,21,Med,2,1,22,9.2,1.05,0.98,0.51,1
243209,19,Med,0,0,17,5.5,0.51,0.43,0.38,0
243340,23,SupCom,0,1,42,12.2,2.24,2.88,0.41,0
243351,65,Med,25,20,48,7.7,2.81,0.88,0.24,0
243457,45,Posg,18,12,88,9.6,4.04,4.41,0.21,0
243535,21,SupInc,0,1,22,1.5,0.1,0.23,0.08,0
243547,54,SupInc,8,10,67,10.5,1.25,5.79,0.26,0
243554,22,SupCom,0,2,24,8,0.64,1.28,0.41,1
243564,20,SupInc,0,0,23,14.2,1.86,1.4,0.76,1
243569,41,Med,12,9,58,13.1,3.78,3.81,0.36,0
243578,36,Med,14,3,71,6.9,1.43,3.47,0.17,0
243624,33,SupInc,11,8,79,10.8,3.08,5.45,0.24,0
243673,23,Med,2,2,34,3.3,0.22,0.9,0.13,0
243859,46,SupInc,8,6,119,5.6,1.11,5.55,0.1,1
243929,21,SupInc,0,0,15,6.1,0.07,0.84,0.47,1
243957,28,SupCom,2,4,62,34.8,3.86,17.71,0.91,1
243958,39,SupInc,9,8,69,6,0.55,3.59,0.15,0
243998,54,SupCom,4,9,69,12,1.18,7.1,0.29,0
244010,75,Bas,22,23,56,7.8,1.79,2.58,0.22,0
244023,31,SupCom,1,7,69,0.4,0.19,,0.01,0
244034,55,Med,32,8,229,4.9,3.03,8.19,0.07,0
244067,20,SupInc,0,0,18,17.4,0.42,2.71,1.14,0
244106,39,Posg,3,9,42,15.2,3.08,3.31,0.51,0
244123,37,SupInc,2,8,55,8,1.64,2.76,0.23,0
244159,20,SupInc,0,0,41,4.3,0.47,1.29,0.15,0
244190,57,SupCom,10,10,149,10,3.64,11.26,0.17,0
244208,50,Bas,20,15,117,7.6,3.15,5.74,0.14,0
244269,33,Bas,2,7,28,1.6,0.14,0.31,0.07,0
244280,36,Bas,16,10,44,7.4,1.96,1.3,0.24,0
244286,21,Med,1,0,29,5.7,0.64,1.01,0.25,0
244337,37,SupInc,12,11,121,13.6,4.69,11.77,0.25,0
244354,27,Posg,0,4,24,6.1,0.17,1.3,0.32,1
295009,28,SupCom,5,5,112,9.9,0.93,10.16,0.19,0
295028,27,SupInc,4,5,40,13.2,3.73,1.55,0.46,0
295035,32,SupInc,4,3,37,4.1,0.48,1.04,0.15,1
295057,28,Med,6,5,33,20.5,1.1,5.67,0.83,1
295083,24,SupCom,0,2,35,12.1,2.47,1.77,0.47,1
295134,20,Med,0,0,44,3.9,1.07,0.65,0.13,0
295153,39,SupCom,16,4,47,16.5,4.16,3.6,0.52,0
295187,38,SupCom,11,8,145,18.5,1.45,25.38,0.31,0
295193,65,Med,38,11,352,2.5,0.39,8.41,0.03,0
295270,56,Med,34,19,215,13.9,14.37,15.51,0.2,0
295295,18,Med,0,0,57,3.1,1.24,0.53,0.09,1
295339,20,Bas,0,1,18,9.5,0.16,1.55,0.62,0
295367,62,Bas,4,13,27,13.2,1.73,1.84,0.62,0
295386,39,Med,13,8,112,21.2,4.63,19.11,0.4,1
295449,29,SupCom,3,2,102,9.8,4.83,5.17,0.19,1
295465,30,SupCom,4,6,46,3.9,1.26,0.54,0.12,0
295472,52,SupInc,21,14,121,2.4,0.39,2.51,0.04,0
295518,48,Posg,19,11,326,10.6,21.18,13.37,0.14,1
295658,20,Bas,2,0,42,3.1,0.89,0.41,0.1,1
295683,34,SupCom,7,3,33,7.5,1.88,0.6,0.3,1
295711,68,Bas,51,26,274,7,8.59,10.59,0.1,0
295815,47,Bas,16,15,51,14.2,3.4,3.85,0.42,0
295913,37,Med,12,8,29,9.3,0.88,1.82,0.41,0
295930,36,Med,9,10,35,0.8,0.09,0.19,0.03,0
295938,30,SupCom,1,6,107,8.9,1.44,8.09,0.17,1
296037,24,Med,0,2,21,13.7,1.38,1.5,0.79,0
296049,24,SupCom,0,2,49,13.6,3.04,3.63,0.41,1
296068,31,Med,0,6,34,4.2,0.71,0.71,0.17,1
296183,41,SupCom,15,13,89,9.2,2.55,5.63,0.2,0
296309,19,Med,0,0,25,24.7,1.23,4.95,1.24,1
296317,20,SupInc,0,1,23,1,0.02,0.21,0.05,0
296325,30,Med,8,5,65,9.2,2.45,3.53,0.23,0
296347,42,Med,5,12,72,19.3,0.25,13.65,0.46,0
296403,27,Bas,5,5,34,1,0.06,0.28,0.04,0
296493,24,SupCom,0,2,38,1.6,0.03,0.57,0.06,0
296589,38,Med,16,6,71,6.6,1.54,3.15,0.16,0
296591,24,Bas,7,2,29,13.6,0.64,3.3,0.6,0
296685,48,Med,7,11,80,3.7,0.79,2.17,0.08,0
296709,49,SupCom,0,11,77,2,0.21,1.33,0.05,0
296763,18,Med,0,0,29,25.9,2.39,5.12,1.15,1
296812,64,Med,11,28,27,2.4,0.08,0.57,0.11,0
296939,19,Bas,3,0,22,10.9,0.47,1.93,0.6,0
296988,49,SupInc,2,17,36,23.6,2.66,5.84,0.89,1
297023,29,SupCom,1,4,26,6.6,0.51,1.21,0.32,1
297063,28,Med,3,5,64,9.4,1.03,4.98,0.24,1
297090,27,Med,4,3,32,6.7,0.56,1.59,0.28,1
297143,24,SupCom,0,2,40,8.6,1.2,2.24,0.3,0
297166,23,Bas,2,2,38,12.2,2.23,2.41,0.44,1
297181,43,Posg,3,8,30,3.1,0.34,0.59,0.13,0
297207,29,Posg,1,5,51,12.5,2.43,3.95,0.37,0
297282,61,SupInc,35,9,327,4.6,7.63,7.42,0.06,0
297308,22,SupCom,0,1,20,6.5,0.6,0.7,0.39,1
297345,24,Med,2,3,34,2.4,0.27,0.54,0.09,0
297357,30,SupInc,8,3,65,8.8,1.92,3.8,0.22,0
297360,37,SupInc,3,4,57,10.8,0.72,5.44,0.3,1
297382,27,Med,4,1,36,14.7,1.46,3.83,0.56,1
297384,22,SupCom,0,1,29,3.7,0.08,0.99,0.16,0
297466,28,Posg,1,3,77,0.2,0.06,0.1,0,0
297470,31,Med,11,4,41,2,0.34,0.48,0.07,0
297480,44,Bas,14,12,68,14.9,1.78,8.35,0.37,0
297533,69,Med,24,22,84,20.2,5.63,11.33,0.44,0
297538,26,Med,5,2,42,10.6,2.13,2.32,0.36,1
297698,51,SupInc,9,15,96,16.8,0.58,15.55,0.34,1
297702,20,SupInc,0,0,77,9.6,3.85,3.54,0.22,1
297820,24,SupInc,2,0,43,7.3,1.24,1.9,0.24,0
297849,53,Bas,17,9,59,0.5,0.03,0.26,0.01,0
297867,29,Med,0,4,28,4.7,0.14,1.18,0.22,1
297897,52,SupInc,28,16,368,21.3,24.06,54.32,0.27,1
297922,28,SupInc,4,4,20,21.1,0.57,3.65,1.27,0
297926,35,Med,17,5,160,13.5,9.07,12.53,0.22,1
297953,20,Med,0,0,27,10.3,0.39,2.39,0.48,1
297963,27,Posg,0,3,36,4.1,0.73,0.75,0.16,0
298020,34,SupCom,2,4,46,22.5,1.21,9.14,0.71,0
298062,46,Posg,13,14,84,9.9,1.71,6.6,0.22,0
298134,36,SupCom,4,8,101,6.7,2.09,4.68,0.13,1
298170,51,SupCom,4,6,43,3.3,0.2,1.22,0.11,0
298250,39,Bas,20,10,52,19.7,2.33,7.92,0.58,0
298314,33,SupCom,4,6,24,27.7,3.2,3.44,1.43,1
298328,65,Med,38,25,231,9.3,2.02,19.46,0.13,0
298383,35,SupInc,10,8,263,4.9,9.27,3.62,0.07,1
298392,41,Med,22,7,226,17.4,7.12,32.21,0.25,1
298415,23,SupInc,0,1,33,1.7,0.24,0.32,0.07,0
298439,23,Bas,5,1,23,24.3,3.5,2.08,1.3,1
298509,34,Posg,0,5,120,6.4,5.55,2.13,0.12,1
298541,18,Med,0,0,30,19.8,2.3,3.64,0.86,1
298547,29,Posg,3,2,26,7.8,0.46,1.57,0.38,0
298591,38,SupCom,13,12,204,19.5,15.43,24.35,0.29,1
298602,32,SupCom,8,5,44,13.7,1.35,4.68,0.45,0
298624,34,Med,12,7,58,19.9,2.49,9.05,0.54,0
298629,37,Bas,14,4,67,13.4,2.12,6.86,0.33,0
298696,37,SupInc,4,6,53,15.5,1.27,6.95,0.45,0
298736,37,SupInc,4,6,30,4.6,0.71,0.67,0.2,0
298857,45,SupCom,16,13,53,5.7,0.93,2.09,0.16,0
298915,48,SupInc,4,12,57,12.1,2.46,4.43,0.33,0
298944,36,Bas,12,5,55,5.8,1.2,1.99,0.16,0
298965,26,Med,1,3,42,1.5,0.08,0.55,0.05,1
298970,60,Bas,31,22,170,8,8.77,4.83,0.13,0
298976,37,Med,2,9,31,9.6,1.54,1.44,0.41,0
298996,27,SupCom,1,2,21,14.4,0.52,2.51,0.83,0
299036,26,Bas,6,2,46,9.8,0.34,4.17,0.31,0
315016,32,SupInc,7,5,34,10.7,0.52,3.12,0.42,0
315053,23,SupInc,0,1,16,7.8,0.35,0.9,0.57,0
315060,58,SupInc,18,13,54,4.2,0.82,1.45,0.12,0
315086,34,Bas,0,7,26,1.9,0.18,0.32,0.09,0
315102,30,Med,0,4,17,4.9,0.41,0.42,0.34,1
315108,25,SupInc,2,3,52,7.7,1.07,2.93,0.23,0
315159,24,Med,3,2,24,10.7,1.98,0.59,0.55,0
315169,34,SupCom,1,7,40,17.6,1.68,5.36,0.62,1
315203,64,Bas,7,26,24,6.5,0.29,1.27,0.34,0
315213,29,SupCom,2,5,34,19,1.03,5.43,0.75,1
315234,21,Med,1,1,29,0.9,0.02,0.24,0.04,0
315273,50,SupCom,9,11,24,15.7,0.58,3.18,0.81,0
315276,25,SupCom,0,2,29,15.7,1.83,2.73,0.7,1
315313,27,Med,6,5,20,13.2,1.44,1.2,0.79,0
315326,25,SupInc,4,3,41,18.4,2.01,5.54,0.63,0
315336,27,SupCom,3,5,41,4.8,0.55,1.41,0.16,1
315373,26,Med,4,4,31,5.5,0.25,1.45,0.23,0
315412,49,Med,6,12,49,1.7,0.5,0.33,0.05,0
315414,41,SupInc,0,8,39,29.1,2.16,9.19,1.04,1
315422,30,Med,4,2,55,5.5,1.45,1.57,0.15,0
315442,37,Bas,16,8,43,5.6,0.64,1.77,0.19,0
315481,34,Med,9,3,62,8,0.4,4.56,0.21,0
315507,50,SupCom,23,11,104,4.8,0.93,4.06,0.09,0
315508,28,SupInc,4,2,58,12.6,2.48,4.83,0.34,1
315514,19,Med,0,0,20,3.1,0.26,0.36,0.19,1
315526,25,SupCom,0,1,31,3.9,0.37,0.84,0.16,1
315544,18,Med,0,0,15,12.2,0.37,1.46,0.94,0
315548,24,SupCom,0,2,32,5.6,0.25,1.54,0.23,1
315568,30,Med,5,6,26,14.8,0.97,2.87,0.72,1
315609,36,Med,1,4,55,19.6,6.36,4.42,0.55,1
315619,32,SupCom,0,5,38,3.7,0.18,1.22,0.13,1
315633,41,SupCom,2,7,94,7,1.16,5.42,0.14,0
315665,47,Med,28,11,189,3.2,4.18,1.87,0.05,0
315677,57,Bas,26,22,78,5.8,1.24,3.28,0.13,0
315731,26,Bas,4,3,34,19,0.67,5.79,0.75,1
315743,34,SupCom,6,5,65,14.4,4.98,4.38,0.37,1
315748,33,Med,0,7,64,10.6,2.69,4.1,0.27,0
315754,53,Posg,9,11,97,22.3,9.21,12.42,0.45,1
315771,61,Med,20,17,91,4.3,1.26,2.65,0.09,0
315800,18,Med,0,0,14,4.3,0.15,0.45,0.35,0
315812,21,SupInc,0,1,18,12.1,0.59,1.59,0.79,0
315821,28,Bas,7,2,52,22.1,6.78,4.71,0.65,1
315831,34,Med,4,8,49,3.1,0.04,1.48,0.09,0
315838,20,Bas,2,0,16,4.7,0.25,0.5,0.34,0
315857,34,Bas,11,6,54,10.6,3.12,2.6,0.3,0
315892,22,SupInc,0,1,14,2.5,0.26,,0.2,0
315898,34,Med,8,7,30,24.3,0.21,7.08,1.05,0
315931,18,Med,0,0,18,13.1,0.92,1.44,0.86,1
315948,41,Med,21,9,64,0.3,0.12,,0.01,0
315970,46,Bas,4,7,67,3.4,0.76,1.52,0.08,0
316013,21,Med,0,1,20,2.2,0.1,0.34,0.13,0
316027,51,Med,19,16,47,22.7,3.28,7.39,0.71,0
316033,27,Posg,0,3,25,22.9,1.09,4.64,1.15,1
316060,35,Med,15,3,30,21.3,1.28,5.11,0.92,0
316077,22,SupCom,0,2,26,6,0.02,1.54,0.29,0
316104,65,Bas,38,13,143,11.1,1.17,14.7,0.19,0
316135,43,SupInc,5,11,27,21.2,2.83,2.9,1,1
316149,23,SupCom,0,2,23,18,0.51,3.63,0.96,1
316159,66,Med,43,22,152,9,5.06,8.62,0.15,0
316172,25,Med,3,2,48,8.2,2.87,1.07,0.25,1
316193,35,SupCom,0,11,84,3.4,1.18,1.67,0.07,0
316201,19,Med,0,0,20,12.8,1.14,1.42,0.77,0
316230,25,SupCom,1,1,20,6.9,0.43,0.95,0.41,1
316244,23,SupCom,0,1,62,3,0.56,1.3,0.08,1
316258,23,SupInc,2,1,40,21.2,2.65,5.83,0.74,1
316268,49,SupInc,12,11,85,4.5,2.29,1.53,0.1,0
316281,45,SupCom,6,10,59,10.6,3.8,2.45,0.29,0
316289,45,Med,10,13,45,2.9,0.19,1.12,0.09,0
316302,32,SupCom,6,7,31,5.2,0.38,1.23,0.22,0
316305,28,SupCom,0,4,60,0.5,0.08,0.22,0.01,0
316309,44,SupInc,22,9,131,7,0.83,8.34,0.12,0
316311,49,SupInc,20,9,140,9.9,4.42,9.44,0.17,0
316315,19,Med,0,0,19,4.4,0.06,0.77,0.28,0
316359,34,SupInc,0,6,24,9.4,0.08,2.18,0.49,1
316361,51,SupInc,2,15,34,7.2,1.77,0.68,0.28,0
316431,28,Med,4,4,25,34.8,1.04,7.66,1.74,1
316502,51,SupCom,20,18,512,6.5,6.82,26.46,0.08,0
316510,24,SupCom,0,1,63,26.9,7.19,9.76,0.7,1
316518,41,Posg,9,14,87,4.4,0.78,3.05,0.09,0
316521,23,SupCom,0,1,35,15,0.4,4.85,0.58,1
316547,33,SupCom,3,7,19,17.2,0.37,2.9,1.08,1
316569,42,Med,18,5,176,5.6,3.91,5.94,0.09,0
316577,20,SupInc,0,0,16,3.5,0.23,0.33,0.25,1
316583,27,Med,3,4,26,2.6,0.09,0.58,0.13,0
316622,34,Med,9,3,29,11.6,1.06,2.3,0.52,1
316635,20,Med,0,0,34,12.9,0.9,3.49,0.51,1
316655,66,Med,9,23,54,15.8,1.34,7.19,0.45,0
316681,19,Med,0,0,20,12.7,1.22,1.32,0.76,0
316735,33,Posg,2,7,79,23.7,10.47,8.26,0.54,1
316737,22,SupInc,1,1,17,25.4,2.38,1.94,1.75,1
316777,40,Med,5,7,43,23.9,3.69,6.59,0.79,1
316798,55,Posg,25,12,73,19.1,5.8,8.14,0.45,0
316809,25,SupCom,1,1,15,8.9,0.56,0.78,0.68,1
316824,23,SupInc,0,1,30,6.9,0.55,1.52,0.3,0
316838,37,SupCom,13,5,225,1.1,1.42,1.06,0.02,0
316862,18,Med,0,0,21,6.6,0.08,1.31,0.38,1
316881,23,Med,4,1,22,3.8,0.08,0.76,0.21,0
316883,27,Med,2,2,55,11.7,0.54,5.89,0.33,1
316907,42,Posg,6,8,20,15.3,1.43,1.63,0.92,1
316909,31,SupInc,9,6,23,7.8,0.45,1.35,0.42,0
335024,33,Med,9,5,34,12.7,3.16,1.16,0.5,1
335038,58,SupCom,26,21,132,2.4,0.98,2.19,0.04,0
335114,58,SupInc,24,24,138,3.9,2.86,2.52,0.07,0
335125,48,Med,12,12,51,4.3,0.22,1.97,0.13,0
335142,26,Med,2,4,55,11,4.69,1.36,0.31,1
335161,28,Posg,2,5,18,11.9,0.32,1.82,0.78,1
335203,22,Bas,4,1,21,9,0.87,1.02,0.52,0
335236,18,Med,0,0,18,8,0.4,1.04,0.52,0
335322,57,Med,4,12,61,2.3,0.11,1.29,0.06,0
335417,19,Med,1,0,24,12.3,1.11,1.84,0.64,1
335431,31,SupCom,4,5,36,22.4,0.15,7.91,0.85,0
335434,18,Bas,1,0,18,8,0.74,0.7,0.52,1
335530,23,SupInc,0,1,18,4,0.05,0.67,0.26,0
335566,19,Med,0,0,14,8.2,0.38,0.77,0.67,1
335573,29,SupInc,0,4,70,16.5,8.21,3.34,0.4,1
335610,29,SupInc,8,5,39,11.6,3.26,1.27,0.41,1
335615,25,Med,2,3,24,3,0.15,0.57,0.16,0
335635,18,Med,0,0,24,0.9,0.13,,0.05,1
335667,40,SupInc,4,6,87,1.2,0.86,0.18,0.03,0
335669,31,Med,11,8,36,4.7,0.13,1.57,0.18,0
335672,52,SupCom,2,12,84,3.1,0.2,2.4,0.07,0
335680,37,Med,18,3,39,26.9,5.46,5.04,0.96,1
335690,40,SupInc,18,13,84,6.2,0.94,4.27,0.14,0
335722,18,Med,0,0,17,11.9,0.17,1.86,0.82,1
335743,45,Bas,24,14,69,3.2,1.33,0.87,0.08,0
335816,34,SupInc,11,6,52,12.9,4.17,2.54,0.38,0
335819,19,Med,0,0,21,12.6,1.23,1.42,0.73,1
335844,25,SupInc,3,1,27,16.9,1.09,3.48,0.8,0
335958,53,Med,30,12,220,12.9,2.81,25.57,0.19,0
336005,30,SupInc,4,4,39,11.6,1.39,3.13,0.41,0
336019,49,Posg,23,11,178,19.4,5.59,28.94,0.3,0
336093,21,Med,2,1,23,3.5,0.25,0.55,0.19,0
336204,40,Med,0,12,21,36.6,4.35,3.34,2.11,1
336244,18,Med,0,0,23,11.5,0.66,1.98,0.61,1
336247,18,Med,0,0,15,8,0.22,0.98,0.61,0
336295,34,Bas,10,6,50,5.3,0.58,2.07,0.16,0
336308,33,SupCom,5,8,27,20.6,1.09,4.47,0.97,0
336316,45,SupInc,23,10,55,13.3,1.46,5.86,0.37,0
336326,40,SupCom,15,13,111,9.6,1.88,8.78,0.18,0
336330,49,Bas,4,11,36,9.9,1.36,2.21,0.37,0
336350,27,SupInc,0,4,31,3.7,0.28,0.86,0.16,0
336401,52,Bas,26,12,77,28.6,5.26,16.76,0.66,0
336436,23,Med,1,2,30,18.2,1.37,4.09,0.79,1
336457,39,SupInc,16,10,46,11.3,1.45,3.75,0.36,0
336479,20,Med,0,1,28,9.8,0.66,2.09,0.45,0
336499,26,SupInc,0,3,23,10.9,1.71,0.8,0.58,1
336510,62,SupCom,23,22,124,23,19.05,9.47,0.42,1
336576,39,Med,1,9,27,1.4,0.1,0.28,0.07,0
336580,26,Bas,5,2,47,21.7,6.14,4.06,0.68,1
336624,35,Med,15,8,66,3.3,1.05,1.12,0.08,0
336636,46,Posg,11,9,136,4.9,3.27,3.39,0.09,1
336640,47,SupCom,17,17,61,7.5,3.12,1.45,0.2,0
336658,56,Bas,3,16,38,18.7,3.72,3.39,0.68,1
336706,21,SupInc,0,1,33,9.1,1.05,1.95,0.37,1
336731,29,Med,0,5,33,5.8,0.58,1.34,0.23,0
336792,28,Med,3,5,53,5.7,1.57,1.45,0.16,1
336815,28,SupInc,3,3,61,16.1,3.16,6.66,0.42,1
336852,30,Bas,4,6,30,10.8,1.03,2.21,0.47,0
336899,20,Bas,1,0,22,10.1,0.14,2.08,0.56,1
336953,24,SupCom,0,2,29,9.6,1.04,1.75,0.43,1
336969,29,SupCom,5,4,73,25.1,2.18,16.14,0.59,1
337073,19,Med,0,0,15,9.5,0.4,1.03,0.73,1
337079,63,Med,29,19,208,16.6,21.89,12.64,0.25,1
337113,39,Med,17,9,90,6.8,3.45,2.67,0.14,0
337128,22,SupCom,0,1,30,3.4,0.15,0.87,0.15,0
337143,30,Med,2,4,34,11.6,1.39,2.55,0.46,0
337173,24,Bas,4,2,24,18,1.64,2.68,0.93,1
337261,25,SupCom,1,2,66,4.2,0.55,2.22,0.11,1
337272,22,Med,2,1,39,4.7,0.5,1.33,0.17,0
337301,35,Posg,0,9,36,13.3,0.99,3.8,0.5,0
337304,51,SupInc,14,16,161,1.4,0.57,1.69,0.02,0
337309,65,Med,0,25,57,6.2,1.68,1.86,0.17,0
337365,38,SupCom,14,7,192,28.9,5.27,50.22,0.44,1
337367,28,Med,8,4,24,24.6,4.07,1.83,1.27,1
337411,30,SupCom,2,5,27,10.6,0.74,2.13,0.5,0
337462,22,SupCom,0,2,46,8.6,1.76,2.19,0.27,1
337514,19,Med,0,0,28,7.5,1.51,0.59,0.34,1
337528,48,SupCom,24,18,66,4.4,0.32,2.58,0.11,0
337553,18,Med,0,0,16,8.3,0.17,1.15,0.6,1
337620,29,Med,1,5,39,10.3,2.98,1.03,0.37,1
337625,37,Med,0,9,37,16.2,0.93,5.06,0.6,0
337641,23,SupCom,0,1,73,0.7,0.25,0.26,0.02,0
337769,27,SupInc,4,5,41,6.1,1.65,0.85,0.21,1
337840,38,SupCom,10,11,63,12.2,2.76,4.93,0.32,0
337873,39,SupInc,10,7,45,25,1.77,9.48,0.81,0
337887,28,SupCom,4,3,48,24.3,3.34,8.33,0.75,1
337922,54,SupInc,2,19,35,6.4,0.93,1.31,0.25,0
337945,39,SupCom,12,10,98,1.6,0.16,1.41,0.03,0
337963,19,Med,0,0,26,17.2,2.65,1.82,0.83,1
337991,71,Bas,2,13,23,10.1,1.44,0.89,0.54,0
338047,24,Med,4,2,21,3.8,0.36,0.44,0.22,0
338062,28,Med,3,4,20,9,0.37,1.43,0.54,0
338069,21,Bas,4,1,15,7.3,0.05,1.04,0.56,0
338112,36,Med,8,2,42,3.1,0.75,0.55,0.1,0
338207,36,Med,1,8,31,21,0.33,6.18,0.89,0
338240,23,Bas,0,2,20,8.4,0.24,1.44,0.5,1
338253,28,SupInc,3,3,25,18.8,1.16,3.54,0.94,1
338294,26,SupInc,0,3,31,3.1,0.1,0.86,0.13,1
338307,36,Posg,3,7,45,3.3,0.47,1.02,0.11,0
338320,32,SupCom,2,2,55,10.6,1.43,4.4,0.3,1
360036,24,SupCom,0,1,56,9.3,1.55,3.66,0.26,1
360188,19,Med,0,0,55,7.9,0.61,3.73,0.22,0
360230,28,SupCom,2,3,22,6.2,0.76,0.61,0.34,1
360245,40,Posg,1,11,32,18.6,3.4,2.55,0.77,1
360349,33,Posg,6,4,121,15.1,3.31,14.96,0.28,1
360448,34,SupInc,0,4,23,6.8,0.69,0.88,0.36,1
360449,19,Med,0,0,30,4,0.52,0.68,0.17,0
360504,44,Bas,17,14,107,13,3.83,10.08,0.25,0
360509,29,Med,1,6,36,9.3,1.42,1.93,0.35,1
360518,65,Bas,10,18,32,9.9,1.37,1.8,0.41,0
360585,45,Med,18,11,59,8.9,2.74,2.51,0.24,0
360684,33,Med,4,8,79,12.6,8.55,1.4,0.29,1
360740,32,SupInc,3,5,34,12.4,2.18,2.03,0.49,0
360763,32,SupCom,5,6,67,8.4,3.38,2.25,0.21,0
360917,23,SupInc,0,1,34,9.2,1.25,1.87,0.36,1
360925,25,Posg,0,2,60,8.4,1.25,3.79,0.22,0
360927,22,SupCom,0,1,23,6.2,0.35,1.08,0.33,1
360963,27,Bas,6,2,20,14.3,0.38,2.48,0.86,0
360968,43,SupCom,0,10,94,19.9,6.32,12.38,0.41,1
360970,53,SupCom,26,20,249,5.8,7.58,6.86,0.08,0
361058,24,SupInc,2,3,22,5.6,0.08,1.15,0.31,0
361072,43,Med,13,13,62,24.2,8.07,6.93,0.63,1
361083,25,Bas,4,1,33,13.2,1.63,2.73,0.53,1
361101,26,SupInc,0,3,24,32,4.42,3.26,1.65,1
361105,18,Med,0,0,34,16.3,1.87,3.67,0.64,1
361146,46,SupCom,14,10,57,4.7,0.25,2.43,0.13,0
361166,46,SupCom,22,10,160,15.5,9.92,14.88,0.25,1
361198,52,Med,22,17,87,11.3,0.71,9.12,0.24,0
361201,35,SupInc,3,7,54,11,1.16,4.78,0.31,0
361255,23,SupInc,1,2,63,16.8,3.14,7.44,0.43,1
361267,33,Bas,7,5,33,6.9,0.68,1.6,0.28,1
361299,18,Med,0,0,28,8.1,0.84,1.42,0.37,1
361305,31,Med,11,8,37,5.7,0.82,1.28,0.21,0
361346,30,SupInc,4,3,62,14.8,1.53,7.64,0.39,1
361396,23,SupInc,2,2,32,3,0.28,0.68,0.12,0
361437,42,Med,1,5,50,9.6,2.6,2.2,0.29,0
361440,21,Med,0,1,21,6.3,0.83,0.49,0.36,1
361454,35,Med,15,8,55,10.2,3.37,2.24,0.29,0
361487,26,Med,5,1,47,6.2,1.83,1.09,0.19,0
361612,75,SupCom,50,18,460,19.6,26.69,63.47,0.24,1
361630,22,SupInc,0,2,32,3.7,0.31,0.87,0.15,1
361699,19,Med,0,0,21,5.6,0.14,1.04,0.32,0
361704,28,Med,3,2,22,11.5,0.87,1.66,0.64,0
361727,22,SupInc,0,1,45,13.6,1.87,4.25,0.44,0
361728,30,Med,4,4,45,10,2.13,2.37,0.32,0
361759,24,SupCom,0,1,53,16.1,5.09,3.44,0.46,1
361823,20,SupInc,0,0,33,9.4,0.55,2.55,0.38,1
361845,38,Med,18,7,53,5.2,1.2,1.55,0.15,0
361850,20,SupInc,0,0,22,5.1,0.36,0.76,0.28,1
361875,28,Posg,0,4,57,12.4,4.52,2.54,0.34,1
361900,23,SupInc,0,2,25,4.2,0.16,0.89,0.21,0
361907,21,SupInc,0,1,22,8.5,0.08,1.79,0.47,0
362006,23,SupCom,0,1,28,3.1,0.34,0.53,0.14,0
362180,19,Med,0,0,22,8.2,0.5,1.3,0.45,0
362320,26,Med,3,4,33,2.7,0.53,0.36,0.11,0
362379,19,Med,0,0,23,18.4,0.98,3.25,0.98,1
362479,24,Med,5,2,37,5.7,0.48,1.63,0.21,0
362480,19,Med,0,0,33,7.5,0.36,2.11,0.3,0
362493,34,SupCom,9,9,34,32.1,2.39,8.52,1.27,1
362513,26,SupCom,1,1,31,12.3,1.15,2.67,0.52,1
362711,63,Bas,17,26,103,12.3,3.47,9.2,0.24,0
362745,31,SupInc,7,4,30,1.9,0.17,0.4,0.08,0
362747,22,SupCom,0,1,28,8.1,0.61,1.66,0.37,1
362797,34,Med,6,4,41,7.5,1.09,1.98,0.26,1
362909,45,Med,24,10,86,9.7,1.74,6.6,0.21,0
362911,22,SupInc,0,1,31,10.1,0.7,2.44,0.43,1
363011,21,SupInc,0,1,44,6.3,1.29,1.48,0.21,0
363019,65,Bas,21,23,42,1.6,0.29,0.38,0.05,0
363142,24,SupInc,0,2,17,9.2,0.31,1.25,0.63,0
363175,25,SupCom,1,2,35,1.4,0.06,0.43,0.05,1
363198,32,SupCom,3,6,56,13.2,1.53,5.86,0.37,1
363246,21,SupInc,0,0,36,14.1,1.6,3.48,0.53,1
363280,23,SupCom,0,2,34,17,2.16,3.62,0.67,1
363302,40,SupInc,17,6,120,10.2,4.32,7.92,0.19,0
363329,44,Med,2,17,50,2.8,0.52,0.88,0.08,0
363388,39,SupCom,4,6,75,5.6,2.62,1.58,0.13,0
363447,26,SupInc,3,4,18,12.9,0.4,1.92,0.85,1
363476,25,Med,1,3,20,2.5,0.17,0.33,0.15,0
363504,28,Med,8,4,40,9.8,1.36,2.56,0.34,1
363544,43,SupCom,13,12,127,3,0.42,3.39,0.05,0
363681,28,Med,6,2,112,3.4,0.38,3.43,0.06,0
363785,40,Bas,16,7,33,23.3,2.02,5.67,0.94,1
363807,31,Bas,0,6,26,3.2,0.34,0.49,0.16,0
363822,29,SupInc,0,5,37,6.7,0.7,1.77,0.25,0
363832,54,Bas,13,18,105,13.6,1.63,12.65,0.27,0
363882,42,SupCom,9,9,49,7.3,1.15,2.43,0.22,1
363946,39,Med,14,7,94,30.2,10.5,17.88,0.62,1
363975,36,SupInc,10,7,101,13.1,7.24,5.99,0.26,1
364013,55,Posg,21,14,91,6.6,2.01,3.99,0.14,0
364037,21,Med,0,1,15,4.1,0.25,0.37,0.31,0
364057,49,SupInc,3,7,28,6.9,0.85,1.09,0.32,0
364071,50,SupCom,27,12,181,2.3,1.79,2.37,0.04,0
364125,22,SupCom,0,1,55,27.4,6.22,8.85,0.77,1
364211,33,Med,3,6,33,5.1,0.9,0.79,0.21,0
364304,39,SupCom,9,12,78,4.1,0.35,2.85,0.09,0
364366,26,SupInc,3,3,66,4,0.19,2.45,0.1,0
364418,23,Bas,5,1,48,18,1.05,7.59,0.56,1
364428,19,Med,0,0,31,10.6,0.99,2.29,0.45,1
364476,32,Med,7,3,33,24.6,4.14,3.98,0.99,1
364499,19,Med,0,0,19,5.4,0.37,0.65,0.34,1
365041,33,Bas,9,4,22,14.6,0.73,2.48,0.81,0
365043,55,Posg,11,16,88,12.9,5.11,6.24,0.28,0
365079,21,Med,1,1,30,3.1,0.31,0.62,0.13,0
365110,47,Med,10,10,39,6.7,0.22,2.39,0.24,0
365120,24,Med,2,0,32,11,0.83,2.69,0.45,0
365178,25,Med,5,2,36,2.7,0.53,0.44,0.1,0
365216,34,SupCom,9,7,58,28.4,4.97,11.5,0.77,1
365236,67,Med,7,25,58,11.4,1.59,5.03,0.31,0
365265,51,Med,22,11,65,18.1,4.91,6.86,0.46,0
365285,45,Med,26,12,100,7.5,1.7,5.81,0.15,0
365288,24,SupInc,0,2,67,8.9,2.38,3.58,0.22,1
365291,46,Med,23,14,99,3.2,1.81,1.36,0.06,0
365383,53,SupCom,3,15,50,15.7,4.25,3.6,0.47,0
365437,28,SupCom,1,4,175,19.4,7.03,26.92,0.3,1
365442,21,SupInc,0,0,20,4,0.48,0.32,0.24,0
365473,28,SupCom,2,3,47,12.1,0.43,5.25,0.38,1
365477,51,SupInc,10,17,144,4.9,0.92,6.14,0.08,0
365484,27,SupCom,1,4,38,8.2,0.62,2.5,0.3,0
365507,18,Bas,1,0,15,8.4,0.74,0.52,0.64,1
365536,62,Bas,32,19,86,6.3,3.97,1.45,0.14,0
365579,30,Med,3,1,35,16.1,0.81,4.82,0.62,1
365587,19,Med,0,0,21,8.1,0.69,1.01,0.47,0
365613,76,SupInc,12,27,53,6.2,1.28,2.01,0.18,0
365668,22,SupCom,0,1,19,7.4,0.78,0.63,0.46,1
365683,26,Bas,10,4,43,5.2,0.89,1.35,0.17,0
365719,18,Med,0,0,30,8.9,0.23,2.44,0.39,1
365731,30,SupInc,3,2,23,6.5,0.28,1.22,0.35,1
365743,36,Med,5,9,50,0.8,0.12,0.28,0.02,0
365773,30,Med,5,6,36,4.7,0.77,0.92,0.18,0
365817,42,Med,17,7,66,8.7,1.73,4.01,0.22,0
365823,18,Med,0,0,30,3.8,0.57,0.57,0.16,0
365839,28,SupCom,3,3,47,17.7,2.79,5.53,0.55,1
365866,48,Med,22,16,196,10.5,7.41,13.17,0.16,1
365869,42,Bas,1,10,32,7.2,0.69,1.62,0.3,1
365873,33,SupCom,7,6,63,16.7,2.81,7.71,0.43,0
365895,26,SupCom,1,3,35,7,1.21,1.24,0.27,0
365943,24,SupCom,0,2,25,5.7,0.64,0.79,0.29,1
365968,39,SupCom,4,6,84,3.4,0.41,2.45,0.07,0
365987,19,Med,1,0,20,25.9,1.94,3.24,1.55,1
366021,18,Med,0,0,27,6.1,0.92,0.73,0.29,0
366054,23,SupCom,0,1,47,12.3,2.1,3.68,0.38,1
366058,23,Bas,5,1,26,5.3,0.14,1.24,0.26,1
366075,30,SupInc,1,4,26,8,1.18,0.9,0.39,0
366079,59,Bas,3,14,44,16.6,5.47,1.83,0.54,1
366080,37,Bas,0,8,36,16.1,1.99,3.81,0.61,1
366109,35,Bas,16,6,93,4.7,2.86,1.51,0.1,0
366221,23,Med,2,0,17,21.3,0.3,3.32,1.47,1
366287,52,SupCom,2,18,48,5.4,1.4,1.19,0.17,0
366299,19,Med,0,0,26,14.3,0.52,3.2,0.69,1
366365,70,Med,33,17,150,13.3,5.17,14.78,0.22,0
366382,30,SupCom,5,6,109,7.8,1.39,7.11,0.15,0
366410,40,Bas,17,5,72,7.3,0.95,4.31,0.17,0
366458,23,SupInc,2,2,39,16.6,1.64,4.83,0.59,0
366486,26,Bas,5,3,24,7.9,0.33,1.56,0.41,0
366563,33,SupInc,12,9,48,3.7,0.93,0.84,0.11,0
366568,55,Med,4,19,59,22,6.83,6.15,0.59,1
366585,46,Bas,5,9,40,4.5,0.98,0.82,0.16,0
366610,32,Med,12,9,27,1.8,0.16,0.32,0.08,0
366622,18,Med,0,0,35,12.3,0.87,3.44,0.47,0
366635,18,Med,0,0,27,9.4,0.43,2.1,0.44,1
366655,23,SupCom,0,2,33,2.9,0.23,0.72,0.12,0
366658,41,Med,21,9,56,4.8,1.15,1.54,0.13,0
366663,22,SupCom,0,1,21,11.8,0.67,1.81,0.68,0
366664,33,Med,15,6,71,14.6,2.79,7.58,0.35,0
366673,24,SupCom,0,1,128,8.9,3.55,7.84,0.16,1
366716,23,SupInc,1,2,28,0.6,0.06,0.11,0.03,0
366741,37,SupCom,3,8,41,14.4,2.03,3.87,0.5,0
366753,43,Bas,4,9,26,12.9,1.53,1.82,0.63,0
366756,31,SupInc,2,5,45,13.1,1.64,4.25,0.42,1
366761,20,SupInc,0,1,28,8.6,0.2,2.21,0.39,0
366765,24,Med,5,1,26,13.1,1.09,2.32,0.64,0
366778,28,SupInc,4,3,23,4.9,0.55,0.58,0.26,1
366795,53,SupCom,1,16,46,11.3,2.66,2.54,0.36,1
366813,26,SupCom,1,2,63,11.9,0.94,6.55,0.31,1
366819,21,Med,1,1,24,4.2,0.06,0.95,0.22,0
366841,22,SupInc,1,1,29,15.8,2.94,1.64,0.7,1
366853,44,SupCom,4,14,65,5.8,1.53,2.24,0.15,0
366897,29,Med,6,5,27,6.3,0.13,1.57,0.3,0
366953,28,SupInc,3,3,31,12.9,2.36,1.64,0.55,1
366960,41,Med,4,11,56,7.3,2.56,1.53,0.2,0
367033,64,Bas,36,15,145,6.6,3.27,6.3,0.11,0
367052,44,SupCom,4,5,15,16.6,0.08,2.41,1.27,0
367081,21,Med,1,1,23,9.5,0.14,2.05,0.51,0
367082,50,Med,21,10,88,1.4,0.21,1.02,0.03,0
367207,18,Med,0,0,20,19,1.33,2.47,1.14,1
367213,29,Posg,0,4,40,12.5,2.03,2.98,0.44,1
367238,38,Med,1,9,28,0.8,0.13,0.1,0.04,1
367250,30,SupCom,1,5,65,13.4,4.55,4.16,0.34,1
367263,27,Med,8,4,29,6.5,0.85,1.04,0.29,0
367322,28,Bas,8,4,45,6,0.72,1.98,0.19,0
367368,27,Med,9,3,31,6.3,0.27,1.69,0.27,0
367383,67,Bas,40,24,88,6.3,1.42,4.12,0.13,0
367435,36,SupCom,12,9,35,8.1,1.05,1.78,0.31,0
367468,30,SupCom,3,4,38,11.9,0.8,3.73,0.43,0
367471,29,SupInc,7,6,57,4.3,1.04,1.41,0.12,0
367492,18,Med,0,0,20,16.7,0.46,2.88,1,1
367497,46,Bas,20,14,48,2.7,0.94,0.36,0.08,0
367502,38,Bas,6,10,24,16.8,0.56,3.48,0.87,1
367569,23,SupInc,0,2,32,7.9,1.22,1.3,0.33,0
367610,41,Posg,6,5,190,1.9,0.86,2.75,0.03,0
370015,59,SupInc,7,20,92,7.5,3.06,3.84,0.16,0
370057,64,Med,42,22,267,13.2,16.95,18.29,0.18,0
370068,32,SupCom,7,6,71,19.5,4.13,9.72,0.47,1
370095,32,SupInc,4,4,37,3.1,0.32,0.83,0.11,0
370103,22,SupCom,0,1,28,19.8,0.44,5.1,0.91,1
370112,21,Med,3,1,15,11.8,0.42,1.35,0.9,1
370157,66,Med,18,24,70,2.8,1,0.96,0.07,0
370165,18,Med,0,0,22,4.4,0.15,0.82,0.24,1
370182,40,Med,16,11,53,1.2,0.42,0.21,0.03,0
370209,21,SupInc,0,0,27,2.3,0.22,0.4,0.11,0
370216,35,SupInc,2,7,27,0.8,0.1,0.11,0.04,0
370237,18,Med,0,0,19,14.9,0.14,2.7,0.93,1
370290,27,SupInc,3,2,38,9.7,0.44,3.24,0.35,1
370297,54,SupInc,15,11,93,13.7,7.99,4.75,0.28,1
370384,58,Med,2,20,31,3.3,0.5,0.52,0.14,0
370404,43,SupInc,3,12,38,6,0.62,1.66,0.22,0
370440,42,SupCom,6,14,49,14.7,2.85,4.36,0.45,0
370446,26,SupCom,0,3,26,3.3,0.41,0.45,0.16,0
370500,31,SupCom,8,6,47,24.6,5.98,5.58,0.77,1
370619,18,Med,0,0,22,10.2,0.52,1.72,0.57,1
370648,33,SupCom,4,4,136,10.1,5.56,8.17,0.18,1
370650,46,SupInc,0,7,34,3.9,0.08,1.24,0.15,0
370667,35,SupCom,6,9,81,6.8,2.84,2.67,0.15,0
370672,68,SupInc,38,25,154,6.2,3.02,6.53,0.1,0
370695,24,SupCom,0,2,45,6.7,0.82,2.19,0.22,0
370721,46,SupCom,1,10,58,7.6,0.33,4.08,0.21,0
370722,38,SupInc,12,9,86,2.4,0.87,1.19,0.05,0
370730,43,Med,13,10,62,21.9,7.9,5.68,0.57,1
370733,20,SupInc,0,0,27,1,0.11,0.16,0.05,1
370775,23,SupCom,0,1,24,26.9,0.4,6.06,1.39,1
370788,45,Bas,8,12,41,14.8,0.26,5.81,0.51,0
370813,37,Bas,7,2,29,4.3,0.17,1.08,0.19,0
370841,51,SupInc,29,14,285,16.6,14.81,32.5,0.22,0
370856,18,Med,0,0,31,9.1,0.49,2.33,0.38,1
370878,33,SupCom,2,6,66,3.1,0.83,1.21,0.08,0
370896,37,SupCom,8,7,62,23.9,5.81,9.01,0.62,1
370900,59,SupInc,22,22,84,16,1.85,11.59,0.35,0
370913,57,Med,36,18,172,9.2,3.45,12.37,0.15,0
370923,19,Med,0,0,39,4.4,0.73,0.99,0.16,0
370970,44,Med,15,17,59,18.3,5.85,4.95,0.49,1
371071,32,Med,0,4,35,18.1,1.14,5.19,0.7,1
371139,38,SupInc,6,11,37,19.1,2.37,4.69,0.71,1
371228,19,Med,0,0,17,12.4,0.34,1.77,0.85,1
371240,21,SupInc,0,1,35,22.7,2.13,5.82,0.88,1
371311,28,Bas,7,3,43,23.4,0.27,9.79,0.78,1
371316,19,Med,0,0,30,24.3,0.53,6.76,1.05,1
371328,48,Bas,0,12,28,2.6,0.12,0.61,0.12,0
371340,46,Bas,15,13,95,15.4,6.69,7.94,0.32,0
371388,30,Med,6,5,32,1.5,0.19,0.29,0.06,0
371395,52,Bas,30,13,125,15.7,8.32,11.3,0.28,0
371420,33,Med,3,3,36,18,2.18,4.3,0.68,0
371423,36,SupCom,10,7,51,13.2,3.45,3.28,0.39,0
371426,71,Med,13,10,59,24.4,2.66,11.73,0.66,0
371473,40,SupCom,12,10,87,5.8,0.54,4.5,0.12,0
371580,32,SupCom,5,5,87,10.4,0.46,8.59,0.22,0
371656,32,Med,12,7,75,7.1,1.55,3.78,0.17,0
371660,25,SupInc,1,3,16,4.5,0.39,0.33,0.33,0
371716,36,SupCom,8,6,100,19.9,11.56,8.34,0.4,1
371741,22,Med,0,1,18,3.5,0.33,0.3,0.23,0
371761,35,Med,9,9,43,14.9,2.52,3.89,0.5,0
371783,26,SupInc,4,1,23,8.2,0.35,1.54,0.44,0
371803,51,Bas,23,10,47,2.2,0.34,0.69,0.07,0
371809,20,SupInc,0,1,31,18.3,1.95,3.72,0.77,1
371811,39,Med,7,10,56,10.9,4.07,2.03,0.3,1
371824,33,Med,6,8,41,2.1,0.02,0.84,0.07,0
371907,25,Med,6,0,18,16.3,1.86,1.07,1.07,1
371910,43,SupInc,8,9,49,6,0.87,2.07,0.18,0
371939,33,Posg,0,5,46,15.7,0.75,6.47,0.5,0
371987,36,SupCom,8,8,58,17.2,1.28,8.7,0.47,0
371988,33,SupCom,5,7,35,5.2,0.58,1.24,0.2,0
372012,25,Med,5,2,18,12.6,0.11,2.15,0.83,1
372041,40,SupInc,5,9,34,23.3,1.53,6.39,0.92,0
372048,41,Med,14,9,76,18,9.18,4.5,0.42,1
372086,28,Bas,4,4,20,13.6,0.53,2.19,0.82,0
372090,19,Med,0,0,20,1.2,0.03,0.21,0.07,0
372091,25,Med,7,3,27,7.6,0.23,1.82,0.36,0
372120,46,Bas,6,5,37,31.6,2.34,9.35,1.17,1
372126,43,SupInc,13,7,71,4.2,1.41,1.57,0.1,0
372138,57,Bas,25,22,61,1.6,0.18,0.8,0.04,0
372174,70,Bas,6,22,22,19.9,0.5,3.88,1.1,0
372193,32,Med,7,2,40,6.2,0.51,1.97,0.22,0
372218,18,Med,0,0,22,3.4,0.37,0.38,0.19,1
372221,23,SupInc,1,1,42,1.3,0.17,0.38,0.04,0
372227,36,Med,4,9,57,4.2,0.69,1.7,0.12,1
372245,20,SupInc,0,0,27,5.1,0.53,0.85,0.24,0
372258,29,Posg,2,3,25,12,1.13,1.87,0.6,1
372266,22,Med,0,1,30,11.5,1.69,1.76,0.5,1
372285,41,SupCom,6,7,87,3.7,1.02,2.2,0.08,0
372317,26,Med,4,3,22,6.7,0.03,1.44,0.37,0
372406,40,Bas,3,11,21,5.3,0.09,1.02,0.31,0
372407,46,SupInc,12,12,111,5.8,1.09,5.34,0.11,0
372420,42,SupInc,19,2,24,15.1,2,1.62,0.78,0
372447,20,SupInc,0,0,21,15.1,1.26,1.91,0.87,1
372450,22,SupCom,0,1,51,8.7,1.07,3.37,0.26,1
372485,20,SupInc,0,0,13,1.1,0.05,,0.1,0
372496,24,SupCom,1,2,36,13,1,3.68,0.49,1
372514,72,Med,48,30,233,28.8,18.25,48.85,0.41,0
372545,51,Med,9,19,82,14.6,1.5,10.48,0.32,0
372551,57,Posg,31,23,1079,1.4,1.96,13.14,0.02,0
372571,33,SupInc,3,9,26,12.8,0.92,2.41,0.62,0
375011,48,Posg,2,6,52,13.1,1.52,5.29,0.38,0
375014,40,Bas,2,6,30,3,0.05,0.85,0.13,0
375038,26,Bas,2,2,23,2.5,0.03,0.54,0.13,0
375102,30,Bas,0,6,25,5.7,0.48,0.94,0.28,0
375106,39,Med,0,4,36,7.5,0.87,1.83,0.28,1
375141,44,SupInc,6,12,39,8.9,1.82,1.65,0.32,1
375217,40,SupInc,15,12,129,11.9,4.82,10.53,0.21,0
375267,60,Med,2,18,29,3.3,0.54,0.42,0.15,0
375293,47,Med,8,13,49,18.4,1.58,7.44,0.56,0
375313,41,SupCom,15,12,127,18.2,18.12,4.99,0.33,0
375331,22,Bas,4,0,27,4.1,0.33,0.77,0.19,0
375333,42,Bas,8,10,65,14.6,2.7,6.79,0.37,0
375404,42,Med,20,16,117,23.3,12.73,14.53,0.43,1
375460,19,Med,0,0,28,2.8,0.24,0.54,0.13,1
375511,59,SupInc,11,21,55,10,1.4,4.1,0.28,0
375532,23,Med,2,2,25,10.6,0.5,2.15,0.53,1
375716,64,Med,24,18,83,8.4,0.17,6.8,0.19,0
375727,25,SupCom,0,3,42,14.3,0.76,5.24,0.48,1
375732,31,Med,10,5,41,17.9,0.36,6.98,0.62,0
375758,32,Med,1,6,129,19.9,11.91,13.76,0.35,1
375861,19,Med,0,0,35,9.3,0.94,2.32,0.36,0
375890,42,SupCom,12,5,15,14.4,0.66,1.5,1.1,0
375893,19,Bas,0,0,20,11.7,1.17,1.17,0.7,1
375902,38,Med,18,5,55,16.1,2.34,6.52,0.45,0
376001,28,Bas,7,5,32,9.2,0.95,2,0.38,0
376006,24,Med,1,2,19,16.3,0.19,2.91,1.02,1
376023,38,SupInc,9,9,66,5.5,0.57,3.06,0.14,1
376027,54,Bas,22,16,49,5.2,0.76,1.79,0.16,0
376070,20,SupInc,0,0,29,11.7,1.25,2.14,0.52,1
376129,51,SupInc,10,18,57,19.5,3.58,7.54,0.54,0
376169,30,Med,0,5,26,3.6,0.48,0.46,0.17,1
376185,26,Med,2,2,36,9.4,0.77,2.61,0.36,0
376190,25,Bas,0,1,19,8,0.85,0.67,0.5,0
376202,29,Med,5,4,26,5.3,0.63,0.75,0.26,1
376210,50,Bas,27,12,85,11.8,3.44,6.59,0.26,0
376241,50,Posg,22,13,71,4.9,1.31,2.17,0.12,0
376263,39,SupInc,7,5,39,12.2,0.71,4.04,0.43,0
376363,29,SupInc,3,4,74,3.6,0.58,2.08,0.08,0
376395,32,Posg,0,5,22,14.8,0.21,3.05,0.82,0
376403,26,Med,1,3,24,13.4,1.48,1.74,0.69,0
376405,29,Med,10,6,50,9.8,2.91,1.99,0.29,0
376416,25,SupInc,3,2,43,15.6,3.68,3.03,0.52,1
376418,33,Med,3,7,29,5.4,0.37,1.19,0.24,0
376430,20,SupInc,0,0,25,5,0.13,1.12,0.25,1
376443,24,SupInc,0,1,23,7.4,0.24,1.46,0.4,0
376451,21,Bas,2,1,25,9.8,0.42,2.03,0.49,1
376456,42,SupInc,16,8,71,3.3,0.76,1.59,0.08,0
376565,20,Med,1,0,37,7.1,0.97,1.66,0.26,0
376619,40,Bas,2,14,31,2.4,0.22,0.52,0.1,1
376642,36,Med,10,3,77,11.3,1.5,7.2,0.26,1
376657,18,Med,0,0,18,2.3,0.09,0.33,0.15,0
376681,69,Bas,4,32,25,7.1,0.48,1.3,0.36,0
376724,27,SupCom,2,1,31,3.9,0.56,0.65,0.16,0
376777,53,SupInc,31,18,120,9,1.7,9.1,0.17,0
376801,23,SupCom,0,2,19,1.4,0.18,,0.09,0
376870,32,Med,0,7,22,22.5,0.58,4.37,1.25,1
376955,26,SupCom,1,4,38,13.3,0.31,4.74,0.48,0
376960,29,SupInc,7,3,21,5.9,0.8,0.44,0.34,0
377041,28,Bas,4,4,25,6.5,0.21,1.41,0.32,0
377052,61,Med,29,24,142,7.7,3.08,7.85,0.13,0
377198,53,Med,4,20,35,1.5,0.08,0.45,0.06,0
377201,36,Posg,9,6,108,6.5,3.62,3.4,0.13,0
377300,68,Med,11,15,84,6.1,1.36,3.77,0.13,0
377307,38,Bas,17,7,41,16.9,3.99,2.94,0.58,0
377319,48,SupInc,15,11,133,4.1,1.95,3.5,0.07,0
377324,77,Med,30,33,80,3.9,0.8,2.32,0.09,0
377348,35,Bas,18,4,63,1.6,0.42,0.58,0.04,0
377476,25,SupCom,0,3,68,4.5,1.13,1.93,0.11,1
377479,29,Bas,11,2,39,3.2,0.57,0.68,0.11,0
377481,20,Med,0,0,24,1.1,0.08,0.19,0.06,1
377499,21,SupInc,0,1,17,7.8,0.21,1.11,0.54,0
377510,18,Med,0,0,19,7,0.28,1.05,0.44,1
377525,23,Bas,6,3,29,12.9,0.59,3.15,0.57,0
377533,25,Bas,5,3,29,2.7,0.16,0.62,0.12,0
377604,42,SupCom,14,6,55,9.1,1.49,3.51,0.26,0
377692,35,SupCom,0,8,144,3.2,1.52,3.09,0.05,1
377707,35,Posg,2,9,41,10.5,0.49,3.81,0.36,1
377783,38,Bas,11,10,33,10.5,1.59,1.88,0.42,0
377794,56,Bas,30,10,144,8.1,6.4,5.26,0.14,0
377845,48,SupInc,13,10,153,2.3,1.77,1.75,0.04,0
377846,28,SupInc,6,5,30,20.5,1.29,4.86,0.89,0
377864,25,SupCom,1,1,75,11.1,2.65,5.68,0.26,1
377901,43,Bas,6,10,54,2.3,0.72,0.52,0.07,0
377927,20,SupInc,0,1,22,10,0.88,1.32,0.55,0
377983,34,SupCom,2,5,55,12.7,4.78,2.21,0.36,1
377990,25,SupInc,3,3,36,10.2,0.52,3.15,0.39,1
377997,34,Med,13,6,50,16.6,6.76,1.54,0.5,0
378045,23,Med,1,1,29,16.7,2.51,2.33,0.74,1
378074,27,SupInc,1,3,47,4.3,0.9,1.12,0.13,0
378163,24,Bas,0,1,28,1.5,0.2,0.22,0.07,0
378173,20,SupInc,0,1,17,10.5,0.3,1.49,0.72,0
378213,56,Bas,20,20,81,12.1,1.25,8.55,0.27,0
378246,37,SupCom,9,7,72,24.7,2.1,15.69,0.59,1
378262,48,Posg,20,15,162,6.2,0.66,9.38,0.1,0
378264,28,Med,2,2,24,3.7,0.34,0.55,0.19,1
378283,37,Bas,11,11,63,21.6,4.19,9.42,0.56,0
378329,34,SupInc,3,4,47,7,1.32,1.97,0.22,0
378373,26,SupInc,0,2,43,9.8,0.94,3.28,0.33,1
378442,28,Posg,0,3,33,7.8,0.83,1.74,0.31,0
378454,28,SupInc,3,4,75,4.3,0.48,2.75,0.1,0
380007,22,SupCom,0,0,27,6,0.61,1.01,0.28,1
380031,38,SupInc,9,13,94,21.6,7,13.3,0.45,1
380045,20,Med,0,1,19,5.9,0.07,1.05,0.37,1
380087,36,SupCom,11,3,42,2.8,0.67,0.5,0.09,0
380110,26,SupCom,1,4,89,2.3,0.93,1.12,0.05,1
380113,33,SupCom,7,7,185,8.5,3.88,11.84,0.13,0
380131,25,Med,2,3,24,6.8,1.01,0.63,0.35,0
380145,22,SupCom,0,1,56,2.8,0.41,1.16,0.08,0
380151,25,Med,2,3,26,10.3,0.86,1.82,0.5,0
380201,36,Med,4,7,34,16.8,1.16,4.55,0.66,1
380223,30,Posg,2,6,21,10.4,1.16,1.03,0.6,1
380229,21,SupInc,0,1,39,18.5,5.21,2.01,0.66,1
380247,33,Med,8,7,35,7.3,0.61,1.94,0.28,0
380259,25,Bas,9,4,29,11.4,1.17,2.14,0.51,0
380300,70,SupCom,30,22,493,9.9,22.94,25.87,0.12,1
380348,56,SupCom,22,9,57,2,0.49,0.65,0.06,0
380355,33,Bas,3,5,34,2.9,0.19,0.8,0.11,1
380366,27,SupInc,0,4,28,4.7,0.39,0.93,0.22,0
380433,18,Med,0,0,15,1.1,0.03,0.13,0.08,0
380446,30,SupCom,4,6,28,6.8,1.15,0.75,0.31,0
380455,43,SupCom,18,14,89,3.6,0.49,2.71,0.08,0
380466,27,SupCom,3,4,20,11,0.31,1.89,0.66,1
380494,32,SupInc,3,7,79,6.1,1.4,3.42,0.14,1
380534,30,Med,5,5,39,13.8,0.55,4.83,0.49,0
380538,36,Med,16,8,50,3.5,0.75,1,0.11,0
380585,32,Bas,5,9,35,5.8,0.58,1.45,0.22,0
380588,52,SupInc,17,12,125,0.5,0.4,0.22,0.01,0
380601,35,SupInc,7,10,29,7.1,1.59,0.47,0.32,0
380607,34,SupInc,12,6,46,5.7,0.83,1.79,0.18,0
380660,19,Med,0,0,20,7,0.19,1.21,0.42,0
380677,26,Med,1,3,48,11.2,0.16,5.21,0.35,1
380681,25,SupCom,0,1,52,4.9,0.67,1.88,0.14,1
380772,75,Bas,32,23,78,4.4,0.69,2.74,0.1,0
380864,24,Med,5,1,28,19.1,1.52,3.82,0.87,1
380873,43,Med,3,9,53,9.8,1.51,3.69,0.28,1
380879,33,SupInc,8,7,37,3.9,0.56,0.89,0.14,0
380900,61,SupInc,20,17,38,3.2,0.35,0.87,0.12,0
380906,23,Med,1,2,26,12.8,0.55,2.78,0.62,0
380923,32,SupCom,6,2,31,14.2,1.36,3.04,0.6,0
380997,25,Med,2,3,21,14.4,0.99,2.04,0.83,1
381027,42,Posg,2,9,147,17.7,5.05,20.97,0.3,1
381047,23,SupCom,0,1,30,12.2,2.25,1.41,0.53,1
381056,25,SupInc,1,3,27,12.7,0.03,3.39,0.6,1
381121,22,SupCom,0,2,50,1.2,0.21,0.39,0.04,0
381164,19,Med,0,0,16,6.6,0,1.05,0.48,0
381168,35,SupCom,4,6,18,4.8,0.32,0.55,0.32,0
381175,58,Med,9,13,51,4.4,0.64,1.6,0.13,0
381210,38,SupCom,12,9,37,13.2,3.24,1.65,0.49,1
381252,43,SupInc,16,6,102,2.5,0.58,1.97,0.05,0
381261,34,Med,14,4,59,6.5,2.3,1.54,0.18,0
381274,28,Med,7,3,88,10.6,2.21,7.12,0.23,0
381281,23,SupInc,0,2,36,24.2,5.88,2.83,0.91,1
381288,30,Bas,6,4,20,8.4,0.91,0.77,0.5,1
381320,21,SupInc,0,1,19,20.7,1.31,2.63,1.3,1
381329,37,SupCom,0,9,50,1.3,0.21,0.44,0.04,0
381355,34,SupInc,7,8,30,14.2,0.93,3.33,0.62,0
381365,29,Med,4,3,48,10.8,2.96,2.22,0.33,0
381378,20,SupInc,0,0,39,15,1.42,4.43,0.53,0
381393,61,Bas,26,13,78,5,0.2,3.7,0.11,0
381405,19,Med,0,0,22,1.8,0.1,0.29,0.1,0
381421,71,Bas,7,19,26,7.6,0.37,1.61,0.37,0
381426,33,SupCom,5,7,321,2.5,4.36,3.67,0.03,1
381434,22,SupCom,0,1,59,3.1,0.62,1.21,0.08,0
381445,30,SupInc,4,5,28,8.2,0.4,1.9,0.38,0
381449,22,SupCom,0,1,32,3.8,0.71,0.5,0.16,0
381489,20,Bas,0,1,20,17.6,0.15,3.37,1.06,1
381535,19,Med,0,0,19,3.3,0.1,0.52,0.21,1
381568,28,Bas,2,3,24,1,0.11,0.13,0.05,0
381583,18,Med,0,0,14,5.5,0.46,0.31,0.45,0
381596,56,Med,9,7,41,12.5,1.79,3.33,0.43,0
381632,32,SupInc,6,7,50,9.8,3.09,1.81,0.29,0
381643,29,Med,0,5,21,12.4,0.38,2.22,0.71,1
381669,46,Bas,0,9,25,3,0.43,0.32,0.15,0
381690,39,Bas,22,13,48,6.8,1.01,2.26,0.21,0
381763,28,SupCom,4,3,30,13.8,0.68,3.46,0.6,0
381765,37,Bas,17,8,76,12.6,4.18,5.39,0.29,0
381780,39,SupCom,4,13,47,9.7,1.67,2.89,0.3,1
381799,27,Med,2,4,30,2.7,0.34,0.47,0.12,1
381851,25,Med,4,3,21,10,1,1.1,0.58,0
381896,49,Med,14,11,94,6.9,3.79,2.7,0.14,0
381918,24,Med,5,1,60,11.2,0.23,6.49,0.3,0
381929,24,SupCom,0,2,45,5.5,0.59,1.89,0.18,1
381933,30,SupCom,6,5,58,8.6,2.38,2.6,0.23,0
381947,22,Bas,1,0,24,19.9,1.16,3.62,1.03,1
381959,47,Bas,17,11,47,18.9,3.77,5.12,0.59,0
381983,32,SupInc,5,8,52,5.9,1.35,1.72,0.17,0
382000,41,Med,17,9,68,9.6,3.06,3.47,0.24,0
382001,18,Med,0,0,18,10,1.12,0.68,0.66,1
382011,37,Bas,11,5,34,13.6,2.98,1.65,0.54,0
382012,35,Bas,5,5,40,10.5,0.91,3.29,0.37,1
382038,36,Posg,3,9,69,8.3,1.45,4.27,0.2,0
382039,44,SupInc,7,10,115,14.4,1.08,15.48,0.27,1
382073,19,Med,0,0,25,9.3,1.17,1.15,0.46,1
382086,24,SupCom,0,2,64,4.4,0.81,2.01,0.11,0
382127,18,Med,0,0,22,10.5,0.3,2.01,0.58,1
382157,20,SupInc,0,0,13,999999,0,,0,0
382168,38,SupCom,4,8,61,2.7,0.91,0.73,0.07,0
382202,24,Bas,6,1,21,4.5,0.18,0.76,0.26,0
382229,61,Med,33,26,126,12.4,8.47,7.16,0.22,0
382231,18,Med,0,0,22,38.8,3.64,4.9,2.15,0
450002,51,Posg,22,14,75,7.7,2.05,3.72,0.18,0
450068,33,SupInc,5,6,38,18.3,1.74,5.22,0.66,0
450181,34,SupInc,0,7,49,5,0.18,2.27,0.15,0
450204,33,SupCom,6,3,25,13.7,1.18,2.25,0.69,0
450251,27,SupCom,1,3,32,15.4,2.15,2.77,0.64,1
450252,37,SupCom,3,4,28,18.1,1,4.06,0.83,0
450310,34,Bas,12,6,59,9.2,2,3.43,0.25,0
450317,23,Med,2,2,35,5.8,0.46,1.57,0.22,0
450383,29,SupInc,5,6,37,4.3,0.53,1.06,0.16,0
450387,25,Bas,1,4,19,2.6,0.13,0.36,0.16,0
450400,21,Bas,4,1,44,6.4,0.99,1.83,0.21,1
450406,26,Bas,6,2,24,11.5,0.91,1.85,0.59,0
450446,37,Med,4,2,32,3.2,0.14,0.88,0.13,0
450448,26,Posg,0,4,19,4.4,0.05,0.78,0.28,1
450450,35,SupInc,11,8,59,1.4,0.13,0.7,0.04,0
450455,22,SupInc,0,1,29,19.7,1.68,4.03,0.88,1
450465,30,Med,4,2,26,9.3,0.27,2.15,0.45,0
450485,62,Med,24,17,199,4.7,3.4,5.95,0.07,0
450501,43,Bas,17,10,104,14.2,3.57,11.19,0.28,0
450563,45,Bas,12,9,57,1,0.34,0.23,0.03,0
450580,21,SupInc,0,1,23,6.8,0.69,0.87,0.36,1
450614,27,Bas,3,3,37,13.9,3.04,2.1,0.51,1
450772,73,Med,2,16,39,19.4,2.12,5.45,0.69,1
450776,35,SupCom,2,6,56,11.1,1.39,4.83,0.31,1
450846,38,Bas,14,8,37,4.4,0.39,1.23,0.16,0
450942,26,Med,5,2,22,3.3,0.1,0.63,0.18,0
451028,29,SupCom,4,6,58,18.2,1.62,8.94,0.5,1
451034,42,SupCom,10,10,76,6.1,0.32,4.32,0.14,0
451036,37,Med,3,8,38,12.3,1.37,3.3,0.45,0
451046,62,SupCom,26,12,87,16.2,4.82,9.27,0.35,0
451050,23,Bas,1,2,19,7.2,0.71,0.66,0.45,0
451067,64,Med,44,18,397,19.2,35.52,40.7,0.24,1
451118,45,SupCom,16,5,219,1,0.96,1.23,0.01,0
451123,23,SupInc,1,2,22,14.2,1.56,1.56,0.79,1
451156,19,Med,0,0,20,8.1,0.36,1.26,0.49,0
451171,34,Posg,8,7,526,2.6,5.47,8.21,0.03,0
451181,20,SupInc,0,0,58,2.8,0.46,1.17,0.08,0
451185,18,Med,0,0,29,7.5,0.86,1.32,0.33,1
451218,37,Med,2,7,38,2.1,0.07,0.73,0.08,0
451226,43,SupInc,21,14,101,9.7,4.76,5.04,0.19,1
451251,42,Bas,8,12,43,1.3,0.15,0.41,0.04,0
451377,23,Med,2,1,24,1.6,0.05,0.34,0.08,0
451400,19,Med,0,0,22,6.8,0.41,1.08,0.38,1
451408,26,Bas,1,3,15,6.7,0.2,0.8,0.51,0
451409,40,SupInc,4,14,54,4.6,1.19,1.29,0.13,0
451468,43,Med,10,9,92,14.7,3.85,9.67,0.31,1
451517,28,SupCom,3,5,35,5.2,0.78,1.04,0.2,0
451518,24,Med,0,2,36,8.5,1.47,1.59,0.32,1
451525,22,Med,1,1,14,11.7,0.37,1.27,0.95,1
451559,27,Med,1,4,25,0.6,0.03,0.12,0.03,0
451783,33,SupInc,11,4,61,14.9,4.24,4.84,0.39,1
451824,64,Bas,40,18,198,6.9,8.1,5.56,0.1,0
451852,63,SupCom,22,27,129,4.9,0.8,5.52,0.09,0
451876,31,Posg,5,3,61,2,0.37,0.85,0.05,0
451894,21,SupInc,0,1,26,6.9,0.18,1.61,0.33,1
451919,20,SupInc,0,0,24,9.4,0.6,1.66,0.49,0
452007,20,SupInc,0,0,18,5.3,0.3,0.65,0.35,0
452055,21,Med,2,1,33,6.4,0.84,1.27,0.26,1
452063,23,Med,1,0,30,21.5,1.63,4.82,0.93,1
452088,46,SupInc,13,10,32,11,1.19,2.33,0.45,0
452116,29,SupCom,1,4,50,12.1,0.47,5.58,0.36,0
452132,59,Med,32,19,533,0.8,1.86,2.4,0.01,0
452141,21,Bas,1,1,23,16.5,1.17,2.62,0.88,1
452173,54,SupInc,6,9,70,9.5,2.28,4.37,0.23,0
452225,18,Med,0,0,37,2.5,0.57,0.36,0.09,1
452318,41,Med,9,8,77,7.5,3.11,2.67,0.17,0
452333,19,Med,0,0,36,5.8,0.78,1.31,0.22,1
452341,41,Bas,15,9,54,6.9,1.54,2.18,0.2,0
452389,30,SupCom,6,5,51,6.2,1.07,2.09,0.18,0
452427,23,SupInc,0,1,27,14.6,1.16,2.78,0.69,0
452433,37,SupInc,0,9,35,10.8,1.27,2.51,0.42,0
452436,33,SupInc,6,6,77,6.2,0.65,4.12,0.14,1
452445,34,Posg,5,10,186,11.3,7.46,13.56,0.17,1
452452,25,SupCom,0,3,30,4.9,0.2,1.27,0.21,0
452558,21,Bas,4,1,19,6.5,0.29,0.94,0.41,0
452646,62,Med,33,6,322,2.8,7.04,1.97,0.04,0
452735,52,Med,6,9,55,2.9,0.93,0.66,0.08,0
452767,53,Posg,7,16,80,12,3.65,5.95,0.27,0
452770,36,Posg,7,9,124,1.4,0.38,1.35,0.03,0
452878,34,SupCom,8,4,49,7.5,0.49,3.19,0.23,0
452912,29,SupInc,6,3,28,4.9,0.57,0.8,0.22,1
453027,20,Med,0,0,46,12.1,0.95,4.61,0.38,1
453082,20,SupInc,0,0,13,17.8,0.81,1.5,1.55,0
453106,18,Med,0,0,26,7.3,0.64,1.26,0.35,0
453108,20,SupInc,0,0,21,9.3,0.35,1.6,0.54,1
453122,19,Med,0,0,34,19.3,2.2,4.36,0.76,1
453134,30,Med,1,3,39,1,0.14,0.25,0.04,0
453255,34,Med,10,6,59,18.6,3.56,7.42,0.5,1
453374,41,Bas,15,12,55,12.2,4.13,2.58,0.34,0
453376,20,Bas,3,0,24,16.3,1.31,2.61,0.84,1
453379,30,SupInc,8,2,28,15.8,1.53,2.9,0.72,0
453388,25,Posg,0,1,130,5.8,1.24,6.3,0.1,1
453405,18,Med,0,0,23,10,1.12,1.18,0.53,0
453434,27,SupInc,0,3,63,1,0.32,0.32,0.03,0
453461,31,Med,3,6,24,12.9,0.74,2.36,0.67,1
453471,34,SupInc,8,4,83,11,1.85,7.28,0.24,0
453578,37,Med,10,8,43,3.6,0.81,0.74,0.12,0
453686,25,Posg,0,3,16,3.2,0.29,0.22,0.23,0
453698,34,Bas,10,8,41,14.5,1.19,4.75,0.5,0
453777,27,Bas,2,2,24,5.8,0.56,0.84,0.3,0